{"type":"FeatureCollection","features":[{"type":"Feature","geometry":{"type":"Point","coordinates":[16.416809,48.193274]},"properties":{"strasse":"A4","km":0,"richtung":"Gegenrichtung"}},{"type":"Feature","geometry":{"type":"Point","coordinates":[16.421925,48.190346]},"properties":{"strasse":"A4","km":0.5,"richtung":"Gegenrichtung"}},{"type":"Feature","geometry":{"type":"Point","coordinates":[16.427704,48.18806]},"properties":{"strasse":"A4","km":1,"richtung":"Gegenrichtung"}},{"type":"Feature","geometry":{"type":"Point","coordinates":[16.433886,48.186267]},"properties":{"strasse":"A4","km":1.5,"richtung":"Gegenrichtung"}},{"type":"Feature","geometry":{"type":"Point","coordinates":[16.440094,48.184519]},"properties":{"strasse":"A4","km":2,"richtung":"Gegenrichtung"}},{"type":"Feature","geometry":{"type":"Point","coordinates":[16.446742,48.183852]},"properties":{"strasse":"A4","km":2.5,"richtung":"Gegenrichtung"}},{"type":"Feature","geometry":{"type":"Point","coordinates":[16.451269,48.180696]},"properties":{"strasse":"A4","km":3,"richtung":"Gegenrichtung"}},{"type":"Feature","geometry":{"type":"Point","coordinates":[16.454064,48.176617]},"properties":{"strasse":"A4","km":3.5,"richtung":"Gegenrichtung"}},{"type":"Feature","geometry":{"type":"Point","coordinates":[16.455411,48.172219]},"properties":{"strasse":"A4","km":4,"richtung":"Gegenrichtung"}},{"type":"Feature","geometry":{"type":"Point","coordinates":[16.458562,48.168327]},"properties":{"strasse":"A4","km":4.5,"richtung":"Gegenrichtung"}},{"type":"Feature","geometry":{"type":"Point","coordinates":[16.464484,48.166285]},"properties":{"strasse":"A4","km":5,"richtung":"Gegenrichtung"}},{"type":"Feature","geometry":{"type":"Point","coordinates":[16.470893,48.164896]},"properties":{"strasse":"A4","km":5.5,"richtung":"Gegenrichtung"}},{"type":"Feature","geometry":{"type":"Point","coordinates":[16.476212,48.162305]},"properties":{"strasse":"A4","km":6,"richtung":"Gegenrichtung"}},{"type":"Feature","geometry":{"type":"Point","coordinates":[16.478019,48.158002]},"properties":{"strasse":"A4","km":6.5,"richtung":"Gegenrichtung"}},{"type":"Feature","geometry":{"type":"Point","coordinates":[16.480348,48.153853]},"properties":{"strasse":"A4","km":7,"richtung":"Gegenrichtung"}},{"type":"Feature","geometry":{"type":"Point","coordinates":[16.486174,48.151725]},"properties":{"strasse":"A4","km":7.5,"richtung":"Gegenrichtung"}},{"type":"Feature","geometry":{"type":"Point","coordinates":[16.492333,48.149907]},"properties":{"strasse":"A4","km":8,"richtung":"Gegenrichtung"}},{"type":"Feature","geometry":{"type":"Point","coordinates":[16.498379,48.147927]},"properties":{"strasse":"A4","km":8.5,"richtung":"Gegenrichtung"}},{"type":"Feature","geometry":{"type":"Point","coordinates":[16.504573,48.14616]},"properties":{"strasse":"A4","km":9,"richtung":"Gegenrichtung"}},{"type":"Feature","geometry":{"type":"Point","coordinates":[16.510893,48.144604]},"properties":{"strasse":"A4","km":9.5,"richtung":"Gegenrichtung"}},{"type":"Feature","geometry":{"type":"Point","coordinates":[16.517026,48.142762]},"properties":{"strasse":"A4","km":10,"richtung":"Gegenrichtung"}},{"type":"Feature","geometry":{"type":"Point","coordinates":[16.522518,48.14017]},"properties":{"strasse":"A4","km":10.5,"richtung":"Gegenrichtung"}},{"type":"Feature","geometry":{"type":"Point","coordinates":[16.527293,48.137001]},"properties":{"strasse":"A4","km":11,"richtung":"Gegenrichtung"}},{"type":"Feature","geometry":{"type":"Point","coordinates":[16.532636,48.134283]},"properties":{"strasse":"A4","km":11.5,"richtung":"Gegenrichtung"}},{"type":"Feature","geometry":{"type":"Point","coordinates":[16.538647,48.13226]},"properties":{"strasse":"A4","km":12,"richtung":"Gegenrichtung"}},{"type":"Feature","geometry":{"type":"Point","coordinates":[16.544952,48.13069]},"properties":{"strasse":"A4","km":12.5,"richtung":"Gegenrichtung"}},{"type":"Feature","geometry":{"type":"Point","coordinates":[16.551486,48.129611]},"properties":{"strasse":"A4","km":13,"richtung":"Gegenrichtung"}},{"type":"Feature","geometry":{"type":"Point","coordinates":[16.558158,48.12902]},"properties":{"strasse":"A4","km":13.5,"richtung":"Gegenrichtung"}},{"type":"Feature","geometry":{"type":"Point","coordinates":[16.56488,48.128741]},"properties":{"strasse":"A4","km":14,"richtung":"Gegenrichtung"}},{"type":"Feature","geometry":{"type":"Point","coordinates":[16.571602,48.12847]},"properties":{"strasse":"A4","km":14.5,"richtung":"Gegenrichtung"}},{"type":"Feature","geometry":{"type":"Point","coordinates":[16.578315,48.12812]},"properties":{"strasse":"A4","km":15,"richtung":"Gegenrichtung"}},{"type":"Feature","geometry":{"type":"Point","coordinates":[16.584976,48.127462]},"properties":{"strasse":"A4","km":15.5,"richtung":"Gegenrichtung"}},{"type":"Feature","geometry":{"type":"Point","coordinates":[16.591547,48.126485]},"properties":{"strasse":"A4","km":16,"richtung":"Gegenrichtung"}},{"type":"Feature","geometry":{"type":"Point","coordinates":[16.59804,48.125292]},"properties":{"strasse":"A4","km":16.5,"richtung":"Gegenrichtung"}},{"type":"Feature","geometry":{"type":"Point","coordinates":[16.604507,48.12404]},"properties":{"strasse":"A4","km":17,"richtung":"Gegenrichtung"}},{"type":"Feature","geometry":{"type":"Point","coordinates":[16.61095,48.122733]},"properties":{"strasse":"A4","km":17.5,"richtung":"Gegenrichtung"}},{"type":"Feature","geometry":{"type":"Point","coordinates":[16.617334,48.121307]},"properties":{"strasse":"A4","km":18,"richtung":"Gegenrichtung"}},{"type":"Feature","geometry":{"type":"Point","coordinates":[16.623365,48.119319]},"properties":{"strasse":"A4","km":18.5,"richtung":"Gegenrichtung"}},{"type":"Feature","geometry":{"type":"Point","coordinates":[16.628812,48.116686]},"properties":{"strasse":"A4","km":19,"richtung":"Gegenrichtung"}},{"type":"Feature","geometry":{"type":"Point","coordinates":[16.633603,48.113531]},"properties":{"strasse":"A4","km":19.5,"richtung":"Gegenrichtung"}},{"type":"Feature","geometry":{"type":"Point","coordinates":[16.638063,48.110166]},"properties":{"strasse":"A4","km":20,"richtung":"Gegenrichtung"}},{"type":"Feature","geometry":{"type":"Point","coordinates":[16.642184,48.106612]},"properties":{"strasse":"A4","km":20.5,"richtung":"Gegenrichtung"}},{"type":"Feature","geometry":{"type":"Point","coordinates":[16.646388,48.103103]},"properties":{"strasse":"A4","km":21,"richtung":"Gegenrichtung"}},{"type":"Feature","geometry":{"type":"Point","coordinates":[16.651167,48.099942]},"properties":{"strasse":"A4","km":21.5,"richtung":"Gegenrichtung"}},{"type":"Feature","geometry":{"type":"Point","coordinates":[16.656378,48.097097]},"properties":{"strasse":"A4","km":22,"richtung":"Gegenrichtung"}},{"type":"Feature","geometry":{"type":"Point","coordinates":[16.661456,48.094151]},"properties":{"strasse":"A4","km":22.5,"richtung":"Gegenrichtung"}},{"type":"Feature","geometry":{"type":"Point","coordinates":[16.666062,48.090875]},"properties":{"strasse":"A4","km":23,"richtung":"Gegenrichtung"}},{"type":"Feature","geometry":{"type":"Point","coordinates":[16.670242,48.087354]},"properties":{"strasse":"A4","km":23.5,"richtung":"Gegenrichtung"}},{"type":"Feature","geometry":{"type":"Point","coordinates":[16.673952,48.083606]},"properties":{"strasse":"A4","km":24,"richtung":"Gegenrichtung"}},{"type":"Feature","geometry":{"type":"Point","coordinates":[16.67735,48.079727]},"properties":{"strasse":"A4","km":24.5,"richtung":"Gegenrichtung"}},{"type":"Feature","geometry":{"type":"Point","coordinates":[16.68089,48.075905]},"properties":{"strasse":"A4","km":25,"richtung":"Gegenrichtung"}},{"type":"Feature","geometry":{"type":"Point","coordinates":[16.684943,48.07232]},"properties":{"strasse":"A4","km":25.5,"richtung":"Gegenrichtung"}},{"type":"Feature","geometry":{"type":"Point","coordinates":[16.689427,48.06897]},"properties":{"strasse":"A4","km":26,"richtung":"Gegenrichtung"}},{"type":"Feature","geometry":{"type":"Point","coordinates":[16.694251,48.065839]},"properties":{"strasse":"A4","km":26.5,"richtung":"Gegenrichtung"}},{"type":"Feature","geometry":{"type":"Point","coordinates":[16.6994,48.062948]},"properties":{"strasse":"A4","km":27,"richtung":"Gegenrichtung"}},{"type":"Feature","geometry":{"type":"Point","coordinates":[16.704869,48.060335]},"properties":{"strasse":"A4","km":27.5,"richtung":"Gegenrichtung"}},{"type":"Feature","geometry":{"type":"Point","coordinates":[16.710699,48.058098]},"properties":{"strasse":"A4","km":28,"richtung":"Gegenrichtung"}},{"type":"Feature","geometry":{"type":"Point","coordinates":[16.716755,48.056145]},"properties":{"strasse":"A4","km":28.5,"richtung":"Gegenrichtung"}},{"type":"Feature","geometry":{"type":"Point","coordinates":[16.722807,48.054185]},"properties":{"strasse":"A4","km":29,"richtung":"Gegenrichtung"}},{"type":"Feature","geometry":{"type":"Point","coordinates":[16.728784,48.052125]},"properties":{"strasse":"A4","km":29.5,"richtung":"Gegenrichtung"}},{"type":"Feature","geometry":{"type":"Point","coordinates":[16.734706,48.049996]},"properties":{"strasse":"A4","km":30,"richtung":"Gegenrichtung"}},{"type":"Feature","geometry":{"type":"Point","coordinates":[16.74071,48.047973]},"properties":{"strasse":"A4","km":30.5,"richtung":"Gegenrichtung"}},{"type":"Feature","geometry":{"type":"Point","coordinates":[16.746904,48.046228]},"properties":{"strasse":"A4","km":31,"richtung":"Gegenrichtung"}},{"type":"Feature","geometry":{"type":"Point","coordinates":[16.75332,48.044891]},"properties":{"strasse":"A4","km":31.5,"richtung":"Gegenrichtung"}},{"type":"Feature","geometry":{"type":"Point","coordinates":[16.759906,48.043995]},"properties":{"strasse":"A4","km":32,"richtung":"Gegenrichtung"}},{"type":"Feature","geometry":{"type":"Point","coordinates":[16.766588,48.043506]},"properties":{"strasse":"A4","km":32.5,"richtung":"Gegenrichtung"}},{"type":"Feature","geometry":{"type":"Point","coordinates":[16.773297,48.043216]},"properties":{"strasse":"A4","km":33,"richtung":"Gegenrichtung"}},{"type":"Feature","geometry":{"type":"Point","coordinates":[16.779996,48.042842]},"properties":{"strasse":"A4","km":33.5,"richtung":"Gegenrichtung"}},{"type":"Feature","geometry":{"type":"Point","coordinates":[16.78663,48.042122]},"properties":{"strasse":"A4","km":34,"richtung":"Gegenrichtung"}},{"type":"Feature","geometry":{"type":"Point","coordinates":[16.793128,48.040975]},"properties":{"strasse":"A4","km":34.5,"richtung":"Gegenrichtung"}},{"type":"Feature","geometry":{"type":"Point","coordinates":[16.799496,48.039535]},"properties":{"strasse":"A4","km":35,"richtung":"Gegenrichtung"}},{"type":"Feature","geometry":{"type":"Point","coordinates":[16.805796,48.037967]},"properties":{"strasse":"A4","km":35.5,"richtung":"Gegenrichtung"}},{"type":"Feature","geometry":{"type":"Point","coordinates":[16.812058,48.036332]},"properties":{"strasse":"A4","km":36,"richtung":"Gegenrichtung"}},{"type":"Feature","geometry":{"type":"Point","coordinates":[16.818274,48.03462]},"properties":{"strasse":"A4","km":36.5,"richtung":"Gegenrichtung"}},{"type":"Feature","geometry":{"type":"Point","coordinates":[16.824447,48.032842]},"properties":{"strasse":"A4","km":37,"richtung":"Gegenrichtung"}},{"type":"Feature","geometry":{"type":"Point","coordinates":[16.830079,48.03042]},"properties":{"strasse":"A4","km":37.5,"richtung":"Gegenrichtung"}},{"type":"Feature","geometry":{"type":"Point","coordinates":[16.834332,48.026962]},"properties":{"strasse":"A4","km":38,"richtung":"Gegenrichtung"}},{"type":"Feature","geometry":{"type":"Point","coordinates":[16.83679,48.022799]},"properties":{"strasse":"A4","km":38.5,"richtung":"Gegenrichtung"}},{"type":"Feature","geometry":{"type":"Point","coordinates":[16.837238,48.018333]},"properties":{"strasse":"A4","km":39,"richtung":"Gegenrichtung"}},{"type":"Feature","geometry":{"type":"Point","coordinates":[16.8363,48.013882]},"properties":{"strasse":"A4","km":39.5,"richtung":"Gegenrichtung"}},{"type":"Feature","geometry":{"type":"Point","coordinates":[16.835304,48.009437]},"properties":{"strasse":"A4","km":40,"richtung":"Gegenrichtung"}},{"type":"Feature","geometry":{"type":"Point","coordinates":[16.83431,48.004992]},"properties":{"strasse":"A4","km":40.5,"richtung":"Gegenrichtung"}},{"type":"Feature","geometry":{"type":"Point","coordinates":[16.833316,48.000546]},"properties":{"strasse":"A4","km":41,"richtung":"Gegenrichtung"}},{"type":"Feature","geometry":{"type":"Point","coordinates":[16.83242,47.996092]},"properties":{"strasse":"A4","km":41.5,"richtung":"Gegenrichtung"}},{"type":"Feature","geometry":{"type":"Point","coordinates":[16.832645,47.991608]},"properties":{"strasse":"A4","km":42,"richtung":"Gegenrichtung"}},{"type":"Feature","geometry":{"type":"Point","coordinates":[16.83424,47.98725]},"properties":{"strasse":"A4","km":42.5,"richtung":"Gegenrichtung"}},{"type":"Feature","geometry":{"type":"Point","coordinates":[16.837151,47.983208]},"properties":{"strasse":"A4","km":43,"richtung":"Gegenrichtung"}},{"type":"Feature","geometry":{"type":"Point","coordinates":[16.841244,47.979656]},"properties":{"strasse":"A4","km":43.5,"richtung":"Gegenrichtung"}},{"type":"Feature","geometry":{"type":"Point","coordinates":[16.846353,47.976751]},"properties":{"strasse":"A4","km":44,"richtung":"Gegenrichtung"}},{"type":"Feature","geometry":{"type":"Point","coordinates":[16.852256,47.974626]},"properties":{"strasse":"A4","km":44.5,"richtung":"Gegenrichtung"}},{"type":"Feature","geometry":{"type":"Point","coordinates":[16.858571,47.9731]},"properties":{"strasse":"A4","km":45,"richtung":"Gegenrichtung"}},{"type":"Feature","geometry":{"type":"Point","coordinates":[16.86491,47.971618]},"properties":{"strasse":"A4","km":45.5,"richtung":"Gegenrichtung"}},{"type":"Feature","geometry":{"type":"Point","coordinates":[16.871419,47.970534]},"properties":{"strasse":"A4","km":46,"richtung":"Gegenrichtung"}},{"type":"Feature","geometry":{"type":"Point","coordinates":[16.877997,47.969652]},"properties":{"strasse":"A4","km":46.5,"richtung":"Gegenrichtung"}},{"type":"Feature","geometry":{"type":"Point","coordinates":[16.884132,47.967854]},"properties":{"strasse":"A4","km":47,"richtung":"Gegenrichtung"}},{"type":"Feature","geometry":{"type":"Point","coordinates":[16.8901,47.965818]},"properties":{"strasse":"A4","km":47.5,"richtung":"Gegenrichtung"}},{"type":"Feature","geometry":{"type":"Point","coordinates":[16.896694,47.965086]},"properties":{"strasse":"A4","km":48,"richtung":"Gegenrichtung"}},{"type":"Feature","geometry":{"type":"Point","coordinates":[16.903304,47.964463]},"properties":{"strasse":"A4","km":48.5,"richtung":"Gegenrichtung"}},{"type":"Feature","geometry":{"type":"Point","coordinates":[16.908771,47.961931]},"properties":{"strasse":"A4","km":49,"richtung":"Gegenrichtung"}},{"type":"Feature","geometry":{"type":"Point","coordinates":[16.913183,47.958544]},"properties":{"strasse":"A4","km":49.5,"richtung":"Gegenrichtung"}},{"type":"Feature","geometry":{"type":"Point","coordinates":[16.918109,47.955498]},"properties":{"strasse":"A4","km":50,"richtung":"Gegenrichtung"}},{"type":"Feature","geometry":{"type":"Point","coordinates":[16.923444,47.95277]},"properties":{"strasse":"A4","km":50.5,"richtung":"Gegenrichtung"}},{"type":"Feature","geometry":{"type":"Point","coordinates":[16.92879,47.950053]},"properties":{"strasse":"A4","km":51,"richtung":"Gegenrichtung"}},{"type":"Feature","geometry":{"type":"Point","coordinates":[16.934136,47.947336]},"properties":{"strasse":"A4","km":51.5,"richtung":"Gegenrichtung"}},{"type":"Feature","geometry":{"type":"Point","coordinates":[16.939541,47.944674]},"properties":{"strasse":"A4","km":52,"richtung":"Gegenrichtung"}},{"type":"Feature","geometry":{"type":"Point","coordinates":[16.945728,47.942988]},"properties":{"strasse":"A4","km":52.5,"richtung":"Gegenrichtung"}},{"type":"Feature","geometry":{"type":"Point","coordinates":[16.952293,47.942059]},"properties":{"strasse":"A4","km":53,"richtung":"Gegenrichtung"}},{"type":"Feature","geometry":{"type":"Point","coordinates":[16.95886,47.941136]},"properties":{"strasse":"A4","km":53.5,"richtung":"Gegenrichtung"}},{"type":"Feature","geometry":{"type":"Point","coordinates":[16.965427,47.940213]},"properties":{"strasse":"A4","km":54,"richtung":"Gegenrichtung"}},{"type":"Feature","geometry":{"type":"Point","coordinates":[16.971978,47.939241]},"properties":{"strasse":"A4","km":54.5,"richtung":"Gegenrichtung"}},{"type":"Feature","geometry":{"type":"Point","coordinates":[16.978402,47.937951]},"properties":{"strasse":"A4","km":55,"richtung":"Gegenrichtung"}},{"type":"Feature","geometry":{"type":"Point","coordinates":[16.984601,47.936236]},"properties":{"strasse":"A4","km":55.5,"richtung":"Gegenrichtung"}},{"type":"Feature","geometry":{"type":"Point","coordinates":[16.990511,47.934112]},"properties":{"strasse":"A4","km":56,"richtung":"Gegenrichtung"}},{"type":"Feature","geometry":{"type":"Point","coordinates":[16.9961,47.931628]},"properties":{"strasse":"A4","km":56.5,"richtung":"Gegenrichtung"}},{"type":"Feature","geometry":{"type":"Point","coordinates":[17.001549,47.929006]},"properties":{"strasse":"A4","km":57,"richtung":"Gegenrichtung"}},{"type":"Feature","geometry":{"type":"Point","coordinates":[17.007029,47.926414]},"properties":{"strasse":"A4","km":57.5,"richtung":"Gegenrichtung"}},{"type":"Feature","geometry":{"type":"Point","coordinates":[17.01319,47.924691]},"properties":{"strasse":"A4","km":58,"richtung":"Gegenrichtung"}},{"type":"Feature","geometry":{"type":"Point","coordinates":[17.019856,47.924409]},"properties":{"strasse":"A4","km":58.5,"richtung":"Gegenrichtung"}},{"type":"Feature","geometry":{"type":"Point","coordinates":[17.026549,47.924487]},"properties":{"strasse":"A4","km":59,"richtung":"Gegenrichtung"}},{"type":"Feature","geometry":{"type":"Point","coordinates":[17.032955,47.923224]},"properties":{"strasse":"A4","km":59.5,"richtung":"Gegenrichtung"}},{"type":"Feature","geometry":{"type":"Point","coordinates":[17.038933,47.921185]},"properties":{"strasse":"A4","km":60,"richtung":"Gegenrichtung"}},{"type":"Feature","geometry":{"type":"Point","coordinates":[17.045185,47.919572]},"properties":{"strasse":"A4","km":60.5,"richtung":"Gegenrichtung"}},{"type":"Feature","geometry":{"type":"Point","coordinates":[17.05175,47.918677]},"properties":{"strasse":"A4","km":61,"richtung":"Gegenrichtung"}},{"type":"Feature","geometry":{"type":"Point","coordinates":[17.058445,47.918531]},"properties":{"strasse":"A4","km":61.5,"richtung":"Gegenrichtung"}},{"type":"Feature","geometry":{"type":"Point","coordinates":[17.065083,47.919137]},"properties":{"strasse":"A4","km":62,"richtung":"Gegenrichtung"}},{"type":"Feature","geometry":{"type":"Point","coordinates":[17.071478,47.920477]},"properties":{"strasse":"A4","km":62.5,"richtung":"Gegenrichtung"}},{"type":"Feature","geometry":{"type":"Point","coordinates":[17.077454,47.922506]},"properties":{"strasse":"A4","km":63,"richtung":"Gegenrichtung"}},{"type":"Feature","geometry":{"type":"Point","coordinates":[17.083116,47.924917]},"properties":{"strasse":"A4","km":63.5,"richtung":"Gegenrichtung"}},{"type":"Feature","geometry":{"type":"Point","coordinates":[17.088886,47.927199]},"properties":{"strasse":"A4","km":64,"richtung":"Gegenrichtung"}},{"type":"Feature","geometry":{"type":"Point","coordinates":[17.095352,47.928314]},"properties":{"strasse":"A4","km":64.5,"richtung":"Gegenrichtung"}},{"type":"Feature","geometry":{"type":"Point","coordinates":[17.102007,47.927948]},"properties":{"strasse":"A4","km":65,"richtung":"Gegenrichtung"}},{"type":"Feature","geometry":{"type":"Point","coordinates":[17.108114,47.926138]},"properties":{"strasse":"A4","km":65.5,"richtung":"Gegenrichtung"}},{"type":"Feature","geometry":{"type":"Point","coordinates":[16.415908,48.192676]},"properties":{"strasse":"A4","km":0,"richtung":"Hauptrichtung"}},{"type":"Feature","geometry":{"type":"Point","coordinates":[16.420948,48.189697]},"properties":{"strasse":"A4","km":0.5,"richtung":"Hauptrichtung"}},{"type":"Feature","geometry":{"type":"Point","coordinates":[16.426591,48.187279]},"properties":{"strasse":"A4","km":1,"richtung":"Hauptrichtung"}},{"type":"Feature","geometry":{"type":"Point","coordinates":[16.432756,48.185471]},"properties":{"strasse":"A4","km":1.5,"richtung":"Hauptrichtung"}},{"type":"Feature","geometry":{"type":"Point","coordinates":[16.438924,48.183668]},"properties":{"strasse":"A4","km":2,"richtung":"Hauptrichtung"}},{"type":"Feature","geometry":{"type":"Point","coordinates":[16.445107,48.181887]},"properties":{"strasse":"A4","km":2.5,"richtung":"Hauptrichtung"}},{"type":"Feature","geometry":{"type":"Point","coordinates":[16.451123,48.1799]},"properties":{"strasse":"A4","km":3,"richtung":"Hauptrichtung"}},{"type":"Feature","geometry":{"type":"Point","coordinates":[16.454174,48.175975]},"properties":{"strasse":"A4","km":3.5,"richtung":"Hauptrichtung"}},{"type":"Feature","geometry":{"type":"Point","coordinates":[16.45545,48.171569]},"properties":{"strasse":"A4","km":4,"richtung":"Hauptrichtung"}},{"type":"Feature","geometry":{"type":"Point","coordinates":[16.459063,48.167866]},"properties":{"strasse":"A4","km":4.5,"richtung":"Hauptrichtung"}},{"type":"Feature","geometry":{"type":"Point","coordinates":[16.465144,48.166013]},"properties":{"strasse":"A4","km":5,"richtung":"Hauptrichtung"}},{"type":"Feature","geometry":{"type":"Point","coordinates":[16.47154,48.164611]},"properties":{"strasse":"A4","km":5.5,"richtung":"Hauptrichtung"}},{"type":"Feature","geometry":{"type":"Point","coordinates":[16.476469,48.161735]},"properties":{"strasse":"A4","km":6,"richtung":"Hauptrichtung"}},{"type":"Feature","geometry":{"type":"Point","coordinates":[16.478016,48.157376]},"properties":{"strasse":"A4","km":6.5,"richtung":"Hauptrichtung"}},{"type":"Feature","geometry":{"type":"Point","coordinates":[16.480786,48.153381]},"properties":{"strasse":"A4","km":7,"richtung":"Hauptrichtung"}},{"type":"Feature","geometry":{"type":"Point","coordinates":[16.486786,48.151425]},"properties":{"strasse":"A4","km":7.5,"richtung":"Hauptrichtung"}},{"type":"Feature","geometry":{"type":"Point","coordinates":[16.492909,48.149565]},"properties":{"strasse":"A4","km":8,"richtung":"Hauptrichtung"}},{"type":"Feature","geometry":{"type":"Point","coordinates":[16.498975,48.147619]},"properties":{"strasse":"A4","km":8.5,"richtung":"Hauptrichtung"}},{"type":"Feature","geometry":{"type":"Point","coordinates":[16.505168,48.145863]},"properties":{"strasse":"A4","km":9,"richtung":"Hauptrichtung"}},{"type":"Feature","geometry":{"type":"Point","coordinates":[16.511487,48.144319]},"properties":{"strasse":"A4","km":9.5,"richtung":"Hauptrichtung"}},{"type":"Feature","geometry":{"type":"Point","coordinates":[16.517558,48.142397]},"properties":{"strasse":"A4","km":10,"richtung":"Hauptrichtung"}},{"type":"Feature","geometry":{"type":"Point","coordinates":[16.522957,48.139728]},"properties":{"strasse":"A4","km":10.5,"richtung":"Hauptrichtung"}},{"type":"Feature","geometry":{"type":"Point","coordinates":[16.52771,48.136551]},"properties":{"strasse":"A4","km":11,"richtung":"Hauptrichtung"}},{"type":"Feature","geometry":{"type":"Point","coordinates":[16.533166,48.133943]},"properties":{"strasse":"A4","km":11.5,"richtung":"Hauptrichtung"}},{"type":"Feature","geometry":{"type":"Point","coordinates":[16.539209,48.131973]},"properties":{"strasse":"A4","km":12,"richtung":"Hauptrichtung"}},{"type":"Feature","geometry":{"type":"Point","coordinates":[16.54554,48.130461]},"properties":{"strasse":"A4","km":12.5,"richtung":"Hauptrichtung"}},{"type":"Feature","geometry":{"type":"Point","coordinates":[16.552082,48.129421]},"properties":{"strasse":"A4","km":13,"richtung":"Hauptrichtung"}},{"type":"Feature","geometry":{"type":"Point","coordinates":[16.558757,48.128878]},"properties":{"strasse":"A4","km":13.5,"richtung":"Hauptrichtung"}},{"type":"Feature","geometry":{"type":"Point","coordinates":[16.565473,48.128605]},"properties":{"strasse":"A4","km":14,"richtung":"Hauptrichtung"}},{"type":"Feature","geometry":{"type":"Point","coordinates":[16.572189,48.128331]},"properties":{"strasse":"A4","km":14.5,"richtung":"Hauptrichtung"}},{"type":"Feature","geometry":{"type":"Point","coordinates":[16.578893,48.127961]},"properties":{"strasse":"A4","km":15,"richtung":"Hauptrichtung"}},{"type":"Feature","geometry":{"type":"Point","coordinates":[16.58554,48.127275]},"properties":{"strasse":"A4","km":15.5,"richtung":"Hauptrichtung"}},{"type":"Feature","geometry":{"type":"Point","coordinates":[16.592097,48.126273]},"properties":{"strasse":"A4","km":16,"richtung":"Hauptrichtung"}},{"type":"Feature","geometry":{"type":"Point","coordinates":[16.59858,48.125073]},"properties":{"strasse":"A4","km":16.5,"richtung":"Hauptrichtung"}},{"type":"Feature","geometry":{"type":"Point","coordinates":[16.605038,48.123817]},"properties":{"strasse":"A4","km":17,"richtung":"Hauptrichtung"}},{"type":"Feature","geometry":{"type":"Point","coordinates":[16.611473,48.122507]},"properties":{"strasse":"A4","km":17.5,"richtung":"Hauptrichtung"}},{"type":"Feature","geometry":{"type":"Point","coordinates":[16.617834,48.121049]},"properties":{"strasse":"A4","km":18,"richtung":"Hauptrichtung"}},{"type":"Feature","geometry":{"type":"Point","coordinates":[16.623808,48.118997]},"properties":{"strasse":"A4","km":18.5,"richtung":"Hauptrichtung"}},{"type":"Feature","geometry":{"type":"Point","coordinates":[16.629191,48.116313]},"properties":{"strasse":"A4","km":19,"richtung":"Hauptrichtung"}},{"type":"Feature","geometry":{"type":"Point","coordinates":[16.633952,48.113142]},"properties":{"strasse":"A4","km":19.5,"richtung":"Hauptrichtung"}},{"type":"Feature","geometry":{"type":"Point","coordinates":[16.638378,48.109764]},"properties":{"strasse":"A4","km":20,"richtung":"Hauptrichtung"}},{"type":"Feature","geometry":{"type":"Point","coordinates":[16.642484,48.106207]},"properties":{"strasse":"A4","km":20.5,"richtung":"Hauptrichtung"}},{"type":"Feature","geometry":{"type":"Point","coordinates":[16.646725,48.102725]},"properties":{"strasse":"A4","km":21,"richtung":"Hauptrichtung"}},{"type":"Feature","geometry":{"type":"Point","coordinates":[16.651555,48.099604]},"properties":{"strasse":"A4","km":21.5,"richtung":"Hauptrichtung"}},{"type":"Feature","geometry":{"type":"Point","coordinates":[16.656774,48.096773]},"properties":{"strasse":"A4","km":22,"richtung":"Hauptrichtung"}},{"type":"Feature","geometry":{"type":"Point","coordinates":[16.661809,48.0938]},"properties":{"strasse":"A4","km":22.5,"richtung":"Hauptrichtung"}},{"type":"Feature","geometry":{"type":"Point","coordinates":[16.666369,48.090503]},"properties":{"strasse":"A4","km":23,"richtung":"Hauptrichtung"}},{"type":"Feature","geometry":{"type":"Point","coordinates":[16.670505,48.086964]},"properties":{"strasse":"A4","km":23.5,"richtung":"Hauptrichtung"}},{"type":"Feature","geometry":{"type":"Point","coordinates":[16.674166,48.083199]},"properties":{"strasse":"A4","km":24,"richtung":"Hauptrichtung"}},{"type":"Feature","geometry":{"type":"Point","coordinates":[16.677556,48.079321]},"properties":{"strasse":"A4","km":24.5,"richtung":"Hauptrichtung"}},{"type":"Feature","geometry":{"type":"Point","coordinates":[16.681131,48.07552]},"properties":{"strasse":"A4","km":25,"richtung":"Hauptrichtung"}},{"type":"Feature","geometry":{"type":"Point","coordinates":[16.685225,48.071961]},"properties":{"strasse":"A4","km":25.5,"richtung":"Hauptrichtung"}},{"type":"Feature","geometry":{"type":"Point","coordinates":[16.689734,48.068632]},"properties":{"strasse":"A4","km":26,"richtung":"Hauptrichtung"}},{"type":"Feature","geometry":{"type":"Point","coordinates":[16.694583,48.065524]},"properties":{"strasse":"A4","km":26.5,"richtung":"Hauptrichtung"}},{"type":"Feature","geometry":{"type":"Point","coordinates":[16.699753,48.062657]},"properties":{"strasse":"A4","km":27,"richtung":"Hauptrichtung"}},{"type":"Feature","geometry":{"type":"Point","coordinates":[16.705245,48.060073]},"properties":{"strasse":"A4","km":27.5,"richtung":"Hauptrichtung"}},{"type":"Feature","geometry":{"type":"Point","coordinates":[16.711092,48.057865]},"properties":{"strasse":"A4","km":28,"richtung":"Hauptrichtung"}},{"type":"Feature","geometry":{"type":"Point","coordinates":[16.717151,48.055925]},"properties":{"strasse":"A4","km":28.5,"richtung":"Hauptrichtung"}},{"type":"Feature","geometry":{"type":"Point","coordinates":[16.723192,48.05396]},"properties":{"strasse":"A4","km":29,"richtung":"Hauptrichtung"}},{"type":"Feature","geometry":{"type":"Point","coordinates":[16.729158,48.051895]},"properties":{"strasse":"A4","km":29.5,"richtung":"Hauptrichtung"}},{"type":"Feature","geometry":{"type":"Point","coordinates":[16.735076,48.04977]},"properties":{"strasse":"A4","km":30,"richtung":"Hauptrichtung"}},{"type":"Feature","geometry":{"type":"Point","coordinates":[16.741084,48.047762]},"properties":{"strasse":"A4","km":30.5,"richtung":"Hauptrichtung"}},{"type":"Feature","geometry":{"type":"Point","coordinates":[16.747288,48.046045]},"properties":{"strasse":"A4","km":31,"richtung":"Hauptrichtung"}},{"type":"Feature","geometry":{"type":"Point","coordinates":[16.753712,48.044738]},"properties":{"strasse":"A4","km":31.5,"richtung":"Hauptrichtung"}},{"type":"Feature","geometry":{"type":"Point","coordinates":[16.760298,48.043868]},"properties":{"strasse":"A4","km":32,"richtung":"Hauptrichtung"}},{"type":"Feature","geometry":{"type":"Point","coordinates":[16.766977,48.0434]},"properties":{"strasse":"A4","km":32.5,"richtung":"Hauptrichtung"}},{"type":"Feature","geometry":{"type":"Point","coordinates":[16.77368,48.043115]},"properties":{"strasse":"A4","km":33,"richtung":"Hauptrichtung"}},{"type":"Feature","geometry":{"type":"Point","coordinates":[16.780371,48.042729]},"properties":{"strasse":"A4","km":33.5,"richtung":"Hauptrichtung"}},{"type":"Feature","geometry":{"type":"Point","coordinates":[16.786992,48.04198]},"properties":{"strasse":"A4","km":34,"richtung":"Hauptrichtung"}},{"type":"Feature","geometry":{"type":"Point","coordinates":[16.793475,48.040811]},"properties":{"strasse":"A4","km":34.5,"richtung":"Hauptrichtung"}},{"type":"Feature","geometry":{"type":"Point","coordinates":[16.799832,48.039363]},"properties":{"strasse":"A4","km":35,"richtung":"Hauptrichtung"}},{"type":"Feature","geometry":{"type":"Point","coordinates":[16.806124,48.037793]},"properties":{"strasse":"A4","km":35.5,"richtung":"Hauptrichtung"}},{"type":"Feature","geometry":{"type":"Point","coordinates":[16.812375,48.036151]},"properties":{"strasse":"A4","km":36,"richtung":"Hauptrichtung"}},{"type":"Feature","geometry":{"type":"Point","coordinates":[16.818586,48.034443]},"properties":{"strasse":"A4","km":36.5,"richtung":"Hauptrichtung"}},{"type":"Feature","geometry":{"type":"Point","coordinates":[16.824744,48.032652]},"properties":{"strasse":"A4","km":37,"richtung":"Hauptrichtung"}},{"type":"Feature","geometry":{"type":"Point","coordinates":[16.830298,48.03016]},"properties":{"strasse":"A4","km":37.5,"richtung":"Hauptrichtung"}},{"type":"Feature","geometry":{"type":"Point","coordinates":[16.834439,48.026648]},"properties":{"strasse":"A4","km":38,"richtung":"Hauptrichtung"}},{"type":"Feature","geometry":{"type":"Point","coordinates":[16.836759,48.022454]},"properties":{"strasse":"A4","km":38.5,"richtung":"Hauptrichtung"}},{"type":"Feature","geometry":{"type":"Point","coordinates":[16.837044,48.017985]},"properties":{"strasse":"A4","km":39,"richtung":"Hauptrichtung"}},{"type":"Feature","geometry":{"type":"Point","coordinates":[16.836082,48.013541]},"properties":{"strasse":"A4","km":39.5,"richtung":"Hauptrichtung"}},{"type":"Feature","geometry":{"type":"Point","coordinates":[16.835087,48.0091]},"properties":{"strasse":"A4","km":40,"richtung":"Hauptrichtung"}},{"type":"Feature","geometry":{"type":"Point","coordinates":[16.834094,48.004658]},"properties":{"strasse":"A4","km":40.5,"richtung":"Hauptrichtung"}},{"type":"Feature","geometry":{"type":"Point","coordinates":[16.8331,48.000217]},"properties":{"strasse":"A4","km":41,"richtung":"Hauptrichtung"}},{"type":"Feature","geometry":{"type":"Point","coordinates":[16.832248,47.995765]},"properties":{"strasse":"A4","km":41.5,"richtung":"Hauptrichtung"}},{"type":"Feature","geometry":{"type":"Point","coordinates":[16.832571,47.991287]},"properties":{"strasse":"A4","km":42,"richtung":"Hauptrichtung"}},{"type":"Feature","geometry":{"type":"Point","coordinates":[16.834258,47.986949]},"properties":{"strasse":"A4","km":42.5,"richtung":"Hauptrichtung"}},{"type":"Feature","geometry":{"type":"Point","coordinates":[16.837242,47.982936]},"properties":{"strasse":"A4","km":43,"richtung":"Hauptrichtung"}},{"type":"Feature","geometry":{"type":"Point","coordinates":[16.841391,47.979417]},"properties":{"strasse":"A4","km":43.5,"richtung":"Hauptrichtung"}},{"type":"Feature","geometry":{"type":"Point","coordinates":[16.846542,47.976553]},"properties":{"strasse":"A4","km":44,"richtung":"Hauptrichtung"}},{"type":"Feature","geometry":{"type":"Point","coordinates":[16.852459,47.974455]},"properties":{"strasse":"A4","km":44.5,"richtung":"Hauptrichtung"}},{"type":"Feature","geometry":{"type":"Point","coordinates":[16.858772,47.972938]},"properties":{"strasse":"A4","km":45,"richtung":"Hauptrichtung"}},{"type":"Feature","geometry":{"type":"Point","coordinates":[16.865106,47.971462]},"properties":{"strasse":"A4","km":45.5,"richtung":"Hauptrichtung"}},{"type":"Feature","geometry":{"type":"Point","coordinates":[16.871618,47.970403]},"properties":{"strasse":"A4","km":46,"richtung":"Hauptrichtung"}},{"type":"Feature","geometry":{"type":"Point","coordinates":[16.878183,47.969502]},"properties":{"strasse":"A4","km":46.5,"richtung":"Hauptrichtung"}},{"type":"Feature","geometry":{"type":"Point","coordinates":[16.884288,47.967669]},"properties":{"strasse":"A4","km":47,"richtung":"Hauptrichtung"}},{"type":"Feature","geometry":{"type":"Point","coordinates":[16.890271,47.965666]},"properties":{"strasse":"A4","km":47.5,"richtung":"Hauptrichtung"}},{"type":"Feature","geometry":{"type":"Point","coordinates":[16.89687,47.964975]},"properties":{"strasse":"A4","km":48,"richtung":"Hauptrichtung"}},{"type":"Feature","geometry":{"type":"Point","coordinates":[16.903459,47.964307]},"properties":{"strasse":"A4","km":48.5,"richtung":"Hauptrichtung"}},{"type":"Feature","geometry":{"type":"Point","coordinates":[16.908854,47.961713]},"properties":{"strasse":"A4","km":49,"richtung":"Hauptrichtung"}},{"type":"Feature","geometry":{"type":"Point","coordinates":[16.913262,47.95833]},"properties":{"strasse":"A4","km":49.5,"richtung":"Hauptrichtung"}},{"type":"Feature","geometry":{"type":"Point","coordinates":[16.918211,47.955307]},"properties":{"strasse":"A4","km":50,"richtung":"Hauptrichtung"}},{"type":"Feature","geometry":{"type":"Point","coordinates":[16.923544,47.952585]},"properties":{"strasse":"A4","km":50.5,"richtung":"Hauptrichtung"}},{"type":"Feature","geometry":{"type":"Point","coordinates":[16.928886,47.949871]},"properties":{"strasse":"A4","km":51,"richtung":"Hauptrichtung"}},{"type":"Feature","geometry":{"type":"Point","coordinates":[16.934226,47.947155]},"properties":{"strasse":"A4","km":51.5,"richtung":"Hauptrichtung"}},{"type":"Feature","geometry":{"type":"Point","coordinates":[16.939639,47.944509]},"properties":{"strasse":"A4","km":52,"richtung":"Hauptrichtung"}},{"type":"Feature","geometry":{"type":"Point","coordinates":[16.945841,47.94286]},"properties":{"strasse":"A4","km":52.5,"richtung":"Hauptrichtung"}},{"type":"Feature","geometry":{"type":"Point","coordinates":[16.952401,47.941933]},"properties":{"strasse":"A4","km":53,"richtung":"Hauptrichtung"}},{"type":"Feature","geometry":{"type":"Point","coordinates":[16.958962,47.941012]},"properties":{"strasse":"A4","km":53.5,"richtung":"Hauptrichtung"}},{"type":"Feature","geometry":{"type":"Point","coordinates":[16.965523,47.940089]},"properties":{"strasse":"A4","km":54,"richtung":"Hauptrichtung"}},{"type":"Feature","geometry":{"type":"Point","coordinates":[16.972066,47.939116]},"properties":{"strasse":"A4","km":54.5,"richtung":"Hauptrichtung"}},{"type":"Feature","geometry":{"type":"Point","coordinates":[16.97848,47.937818]},"properties":{"strasse":"A4","km":55,"richtung":"Hauptrichtung"}},{"type":"Feature","geometry":{"type":"Point","coordinates":[16.984667,47.936095]},"properties":{"strasse":"A4","km":55.5,"richtung":"Hauptrichtung"}},{"type":"Feature","geometry":{"type":"Point","coordinates":[16.990565,47.933965]},"properties":{"strasse":"A4","km":56,"richtung":"Hauptrichtung"}},{"type":"Feature","geometry":{"type":"Point","coordinates":[16.996142,47.931477]},"properties":{"strasse":"A4","km":56.5,"richtung":"Hauptrichtung"}},{"type":"Feature","geometry":{"type":"Point","coordinates":[17.001586,47.928857]},"properties":{"strasse":"A4","km":57,"richtung":"Hauptrichtung"}},{"type":"Feature","geometry":{"type":"Point","coordinates":[17.007064,47.926271]},"properties":{"strasse":"A4","km":57.5,"richtung":"Hauptrichtung"}},{"type":"Feature","geometry":{"type":"Point","coordinates":[17.013234,47.924572]},"properties":{"strasse":"A4","km":58,"richtung":"Hauptrichtung"}},{"type":"Feature","geometry":{"type":"Point","coordinates":[17.019896,47.924303]},"properties":{"strasse":"A4","km":58.5,"richtung":"Hauptrichtung"}},{"type":"Feature","geometry":{"type":"Point","coordinates":[17.026582,47.924376]},"properties":{"strasse":"A4","km":59,"richtung":"Hauptrichtung"}},{"type":"Feature","geometry":{"type":"Point","coordinates":[17.032974,47.923098]},"properties":{"strasse":"A4","km":59.5,"richtung":"Hauptrichtung"}},{"type":"Feature","geometry":{"type":"Point","coordinates":[17.038947,47.921063]},"properties":{"strasse":"A4","km":60,"richtung":"Hauptrichtung"}},{"type":"Feature","geometry":{"type":"Point","coordinates":[17.045201,47.919465]},"properties":{"strasse":"A4","km":60.5,"richtung":"Hauptrichtung"}},{"type":"Feature","geometry":{"type":"Point","coordinates":[17.051761,47.918577]},"properties":{"strasse":"A4","km":61,"richtung":"Hauptrichtung"}},{"type":"Feature","geometry":{"type":"Point","coordinates":[17.058451,47.918433]},"properties":{"strasse":"A4","km":61.5,"richtung":"Hauptrichtung"}},{"type":"Feature","geometry":{"type":"Point","coordinates":[17.065083,47.919036]},"properties":{"strasse":"A4","km":62,"richtung":"Hauptrichtung"}},{"type":"Feature","geometry":{"type":"Point","coordinates":[17.071473,47.920369]},"properties":{"strasse":"A4","km":62.5,"richtung":"Hauptrichtung"}},{"type":"Feature","geometry":{"type":"Point","coordinates":[17.077449,47.92239]},"properties":{"strasse":"A4","km":63,"richtung":"Hauptrichtung"}},{"type":"Feature","geometry":{"type":"Point","coordinates":[17.083107,47.924796]},"properties":{"strasse":"A4","km":63.5,"richtung":"Hauptrichtung"}},{"type":"Feature","geometry":{"type":"Point","coordinates":[17.088865,47.927085]},"properties":{"strasse":"A4","km":64,"richtung":"Hauptrichtung"}},{"type":"Feature","geometry":{"type":"Point","coordinates":[17.095319,47.928213]},"properties":{"strasse":"A4","km":64.5,"richtung":"Hauptrichtung"}},{"type":"Feature","geometry":{"type":"Point","coordinates":[17.101968,47.927853]},"properties":{"strasse":"A4","km":65,"richtung":"Hauptrichtung"}},{"type":"Feature","geometry":{"type":"Point","coordinates":[17.108065,47.926039]},"properties":{"strasse":"A4","km":65.5,"richtung":"Hauptrichtung"}},{"type":"Feature","geometry":{"type":"Point","coordinates":[16.837219,48.020341]},"properties":{"strasse":"A6","km":0,"richtung":"Gegenrichtung"}},{"type":"Feature","geometry":{"type":"Point","coordinates":[16.843016,48.022466]},"properties":{"strasse":"A6","km":0.5,"richtung":"Gegenrichtung"}},{"type":"Feature","geometry":{"type":"Point","coordinates":[16.848205,48.025314]},"properties":{"strasse":"A6","km":1,"richtung":"Gegenrichtung"}},{"type":"Feature","geometry":{"type":"Point","coordinates":[16.853865,48.027692]},"properties":{"strasse":"A6","km":1.5,"richtung":"Gegenrichtung"}},{"type":"Feature","geometry":{"type":"Point","coordinates":[16.860369,48.028715]},"properties":{"strasse":"A6","km":2,"richtung":"Gegenrichtung"}},{"type":"Feature","geometry":{"type":"Point","coordinates":[16.867078,48.028746]},"properties":{"strasse":"A6","km":2.5,"richtung":"Gegenrichtung"}},{"type":"Feature","geometry":{"type":"Point","coordinates":[16.87369,48.029476]},"properties":{"strasse":"A6","km":3,"richtung":"Gegenrichtung"}},{"type":"Feature","geometry":{"type":"Point","coordinates":[16.87997,48.031041]},"properties":{"strasse":"A6","km":3.5,"richtung":"Gegenrichtung"}},{"type":"Feature","geometry":{"type":"Point","coordinates":[16.885684,48.033383]},"properties":{"strasse":"A6","km":4,"richtung":"Gegenrichtung"}},{"type":"Feature","geometry":{"type":"Point","coordinates":[16.890862,48.03624]},"properties":{"strasse":"A6","km":4.5,"richtung":"Gegenrichtung"}},{"type":"Feature","geometry":{"type":"Point","coordinates":[16.89608,48.03906]},"properties":{"strasse":"A6","km":5,"richtung":"Gegenrichtung"}},{"type":"Feature","geometry":{"type":"Point","coordinates":[16.902485,48.04014]},"properties":{"strasse":"A6","km":5.5,"richtung":"Gegenrichtung"}},{"type":"Feature","geometry":{"type":"Point","coordinates":[16.90863,48.038518]},"properties":{"strasse":"A6","km":6,"richtung":"Gegenrichtung"}},{"type":"Feature","geometry":{"type":"Point","coordinates":[16.913361,48.035335]},"properties":{"strasse":"A6","km":6.5,"richtung":"Gegenrichtung"}},{"type":"Feature","geometry":{"type":"Point","coordinates":[16.91804,48.032117]},"properties":{"strasse":"A6","km":7,"richtung":"Gegenrichtung"}},{"type":"Feature","geometry":{"type":"Point","coordinates":[16.923094,48.029174]},"properties":{"strasse":"A6","km":7.5,"richtung":"Gegenrichtung"}},{"type":"Feature","geometry":{"type":"Point","coordinates":[16.92897,48.027023]},"properties":{"strasse":"A6","km":8,"richtung":"Gegenrichtung"}},{"type":"Feature","geometry":{"type":"Point","coordinates":[16.935404,48.025776]},"properties":{"strasse":"A6","km":8.5,"richtung":"Gegenrichtung"}},{"type":"Feature","geometry":{"type":"Point","coordinates":[16.942089,48.025492]},"properties":{"strasse":"A6","km":9,"richtung":"Gegenrichtung"}},{"type":"Feature","geometry":{"type":"Point","coordinates":[16.948706,48.026187]},"properties":{"strasse":"A6","km":9.5,"richtung":"Gegenrichtung"}},{"type":"Feature","geometry":{"type":"Point","coordinates":[16.954941,48.027826]},"properties":{"strasse":"A6","km":10,"richtung":"Gegenrichtung"}},{"type":"Feature","geometry":{"type":"Point","coordinates":[16.960524,48.030305]},"properties":{"strasse":"A6","km":10.5,"richtung":"Gegenrichtung"}},{"type":"Feature","geometry":{"type":"Point","coordinates":[16.966377,48.03248]},"properties":{"strasse":"A6","km":11,"richtung":"Gegenrichtung"}},{"type":"Feature","geometry":{"type":"Point","coordinates":[16.972843,48.033651]},"properties":{"strasse":"A6","km":11.5,"richtung":"Gegenrichtung"}},{"type":"Feature","geometry":{"type":"Point","coordinates":[16.979401,48.034598]},"properties":{"strasse":"A6","km":12,"richtung":"Gegenrichtung"}},{"type":"Feature","geometry":{"type":"Point","coordinates":[16.985328,48.036661]},"properties":{"strasse":"A6","km":12.5,"richtung":"Gegenrichtung"}},{"type":"Feature","geometry":{"type":"Point","coordinates":[16.989915,48.03991]},"properties":{"strasse":"A6","km":13,"richtung":"Gegenrichtung"}},{"type":"Feature","geometry":{"type":"Point","coordinates":[16.992654,48.043986]},"properties":{"strasse":"A6","km":13.5,"richtung":"Gegenrichtung"}},{"type":"Feature","geometry":{"type":"Point","coordinates":[16.994327,48.048333]},"properties":{"strasse":"A6","km":14,"richtung":"Gegenrichtung"}},{"type":"Feature","geometry":{"type":"Point","coordinates":[16.996439,48.052589]},"properties":{"strasse":"A6","km":14.5,"richtung":"Gegenrichtung"}},{"type":"Feature","geometry":{"type":"Point","coordinates":[16.999565,48.056556]},"properties":{"strasse":"A6","km":15,"richtung":"Gegenrichtung"}},{"type":"Feature","geometry":{"type":"Point","coordinates":[17.003501,48.060192]},"properties":{"strasse":"A6","km":15.5,"richtung":"Gegenrichtung"}},{"type":"Feature","geometry":{"type":"Point","coordinates":[17.007728,48.06368]},"properties":{"strasse":"A6","km":16,"richtung":"Gegenrichtung"}},{"type":"Feature","geometry":{"type":"Point","coordinates":[17.011133,48.067536]},"properties":{"strasse":"A6","km":16.5,"richtung":"Gegenrichtung"}},{"type":"Feature","geometry":{"type":"Point","coordinates":[17.013843,48.071637]},"properties":{"strasse":"A6","km":17,"richtung":"Gegenrichtung"}},{"type":"Feature","geometry":{"type":"Point","coordinates":[17.017849,48.075227]},"properties":{"strasse":"A6","km":17.5,"richtung":"Gegenrichtung"}},{"type":"Feature","geometry":{"type":"Point","coordinates":[17.022512,48.078458]},"properties":{"strasse":"A6","km":18,"richtung":"Gegenrichtung"}},{"type":"Feature","geometry":{"type":"Point","coordinates":[17.02806,48.080954]},"properties":{"strasse":"A6","km":18.5,"richtung":"Gegenrichtung"}},{"type":"Feature","geometry":{"type":"Point","coordinates":[17.034524,48.082099]},"properties":{"strasse":"A6","km":19,"richtung":"Gegenrichtung"}},{"type":"Feature","geometry":{"type":"Point","coordinates":[17.041194,48.081769]},"properties":{"strasse":"A6","km":19.5,"richtung":"Gegenrichtung"}},{"type":"Feature","geometry":{"type":"Point","coordinates":[17.04734,48.080004]},"properties":{"strasse":"A6","km":20,"richtung":"Gegenrichtung"}},{"type":"Feature","geometry":{"type":"Point","coordinates":[17.053067,48.077657]},"properties":{"strasse":"A6","km":20.5,"richtung":"Gegenrichtung"}},{"type":"Feature","geometry":{"type":"Point","coordinates":[17.058853,48.075377]},"properties":{"strasse":"A6","km":21,"richtung":"Gegenrichtung"}},{"type":"Feature","geometry":{"type":"Point","coordinates":[17.064803,48.073292]},"properties":{"strasse":"A6","km":21.5,"richtung":"Gegenrichtung"}},{"type":"Feature","geometry":{"type":"Point","coordinates":[17.071045,48.071647]},"properties":{"strasse":"A6","km":22,"richtung":"Gegenrichtung"}},{"type":"Feature","geometry":{"type":"Point","coordinates":[16.837226,48.020265]},"properties":{"strasse":"A6","km":0,"richtung":"Hauptrichtung"}},{"type":"Feature","geometry":{"type":"Point","coordinates":[16.843058,48.022344]},"properties":{"strasse":"A6","km":0.5,"richtung":"Hauptrichtung"}},{"type":"Feature","geometry":{"type":"Point","coordinates":[16.848245,48.025189]},"properties":{"strasse":"A6","km":1,"richtung":"Hauptrichtung"}},{"type":"Feature","geometry":{"type":"Point","coordinates":[16.853893,48.027576]},"properties":{"strasse":"A6","km":1.5,"richtung":"Hauptrichtung"}},{"type":"Feature","geometry":{"type":"Point","coordinates":[16.860392,48.028601]},"properties":{"strasse":"A6","km":2,"richtung":"Hauptrichtung"}},{"type":"Feature","geometry":{"type":"Point","coordinates":[16.867098,48.028634]},"properties":{"strasse":"A6","km":2.5,"richtung":"Hauptrichtung"}},{"type":"Feature","geometry":{"type":"Point","coordinates":[16.873708,48.029363]},"properties":{"strasse":"A6","km":3,"richtung":"Hauptrichtung"}},{"type":"Feature","geometry":{"type":"Point","coordinates":[16.879988,48.030922]},"properties":{"strasse":"A6","km":3.5,"richtung":"Hauptrichtung"}},{"type":"Feature","geometry":{"type":"Point","coordinates":[16.885707,48.033256]},"properties":{"strasse":"A6","km":4,"richtung":"Hauptrichtung"}},{"type":"Feature","geometry":{"type":"Point","coordinates":[16.890888,48.036107]},"properties":{"strasse":"A6","km":4.5,"richtung":"Hauptrichtung"}},{"type":"Feature","geometry":{"type":"Point","coordinates":[16.896094,48.038934]},"properties":{"strasse":"A6","km":5,"richtung":"Hauptrichtung"}},{"type":"Feature","geometry":{"type":"Point","coordinates":[16.902489,48.040027]},"properties":{"strasse":"A6","km":5.5,"richtung":"Hauptrichtung"}},{"type":"Feature","geometry":{"type":"Point","coordinates":[16.908613,48.038382]},"properties":{"strasse":"A6","km":6,"richtung":"Hauptrichtung"}},{"type":"Feature","geometry":{"type":"Point","coordinates":[16.913333,48.035194]},"properties":{"strasse":"A6","km":6.5,"richtung":"Hauptrichtung"}},{"type":"Feature","geometry":{"type":"Point","coordinates":[16.918011,48.031978]},"properties":{"strasse":"A6","km":7,"richtung":"Hauptrichtung"}},{"type":"Feature","geometry":{"type":"Point","coordinates":[16.923074,48.029046]},"properties":{"strasse":"A6","km":7.5,"richtung":"Hauptrichtung"}},{"type":"Feature","geometry":{"type":"Point","coordinates":[16.928957,48.026906]},"properties":{"strasse":"A6","km":8,"richtung":"Hauptrichtung"}},{"type":"Feature","geometry":{"type":"Point","coordinates":[16.935389,48.025663]},"properties":{"strasse":"A6","km":8.5,"richtung":"Hauptrichtung"}},{"type":"Feature","geometry":{"type":"Point","coordinates":[16.942072,48.02538]},"properties":{"strasse":"A6","km":9,"richtung":"Hauptrichtung"}},{"type":"Feature","geometry":{"type":"Point","coordinates":[16.948688,48.026068]},"properties":{"strasse":"A6","km":9.5,"richtung":"Hauptrichtung"}},{"type":"Feature","geometry":{"type":"Point","coordinates":[16.954927,48.027694]},"properties":{"strasse":"A6","km":10,"richtung":"Hauptrichtung"}},{"type":"Feature","geometry":{"type":"Point","coordinates":[16.960519,48.030161]},"properties":{"strasse":"A6","km":10.5,"richtung":"Hauptrichtung"}},{"type":"Feature","geometry":{"type":"Point","coordinates":[16.966353,48.032353]},"properties":{"strasse":"A6","km":11,"richtung":"Hauptrichtung"}},{"type":"Feature","geometry":{"type":"Point","coordinates":[16.972813,48.033532]},"properties":{"strasse":"A6","km":11.5,"richtung":"Hauptrichtung"}},{"type":"Feature","geometry":{"type":"Point","coordinates":[16.97937,48.034474]},"properties":{"strasse":"A6","km":12,"richtung":"Hauptrichtung"}},{"type":"Feature","geometry":{"type":"Point","coordinates":[16.985314,48.036511]},"properties":{"strasse":"A6","km":12.5,"richtung":"Hauptrichtung"}},{"type":"Feature","geometry":{"type":"Point","coordinates":[16.98994,48.039733]},"properties":{"strasse":"A6","km":13,"richtung":"Hauptrichtung"}},{"type":"Feature","geometry":{"type":"Point","coordinates":[16.992748,48.043786]},"properties":{"strasse":"A6","km":13.5,"richtung":"Hauptrichtung"}},{"type":"Feature","geometry":{"type":"Point","coordinates":[16.994421,48.048131]},"properties":{"strasse":"A6","km":14,"richtung":"Hauptrichtung"}},{"type":"Feature","geometry":{"type":"Point","coordinates":[16.996498,48.052394]},"properties":{"strasse":"A6","km":14.5,"richtung":"Hauptrichtung"}},{"type":"Feature","geometry":{"type":"Point","coordinates":[16.999588,48.056371]},"properties":{"strasse":"A6","km":15,"richtung":"Hauptrichtung"}},{"type":"Feature","geometry":{"type":"Point","coordinates":[17.003505,48.060012]},"properties":{"strasse":"A6","km":15.5,"richtung":"Hauptrichtung"}},{"type":"Feature","geometry":{"type":"Point","coordinates":[17.00773,48.063499]},"properties":{"strasse":"A6","km":16,"richtung":"Hauptrichtung"}},{"type":"Feature","geometry":{"type":"Point","coordinates":[17.011184,48.067334]},"properties":{"strasse":"A6","km":16.5,"richtung":"Hauptrichtung"}},{"type":"Feature","geometry":{"type":"Point","coordinates":[17.013869,48.071441]},"properties":{"strasse":"A6","km":17,"richtung":"Hauptrichtung"}},{"type":"Feature","geometry":{"type":"Point","coordinates":[17.017834,48.075049]},"properties":{"strasse":"A6","km":17.5,"richtung":"Hauptrichtung"}},{"type":"Feature","geometry":{"type":"Point","coordinates":[17.022484,48.078286]},"properties":{"strasse":"A6","km":18,"richtung":"Hauptrichtung"}},{"type":"Feature","geometry":{"type":"Point","coordinates":[17.027998,48.080811]},"properties":{"strasse":"A6","km":18.5,"richtung":"Hauptrichtung"}},{"type":"Feature","geometry":{"type":"Point","coordinates":[17.034449,48.08198]},"properties":{"strasse":"A6","km":19,"richtung":"Hauptrichtung"}},{"type":"Feature","geometry":{"type":"Point","coordinates":[17.041117,48.081666]},"properties":{"strasse":"A6","km":19.5,"richtung":"Hauptrichtung"}},{"type":"Feature","geometry":{"type":"Point","coordinates":[17.047261,48.079905]},"properties":{"strasse":"A6","km":20,"richtung":"Hauptrichtung"}},{"type":"Feature","geometry":{"type":"Point","coordinates":[17.052986,48.077559]},"properties":{"strasse":"A6","km":20.5,"richtung":"Hauptrichtung"}},{"type":"Feature","geometry":{"type":"Point","coordinates":[17.05877,48.075281]},"properties":{"strasse":"A6","km":21,"richtung":"Hauptrichtung"}},{"type":"Feature","geometry":{"type":"Point","coordinates":[17.064716,48.073196]},"properties":{"strasse":"A6","km":21.5,"richtung":"Hauptrichtung"}},{"type":"Feature","geometry":{"type":"Point","coordinates":[17.070845,48.071371]},"properties":{"strasse":"A6","km":22,"richtung":"Hauptrichtung"}},{"type":"Feature","geometry":{"type":"Point","coordinates":[16.546548,47.841603]},"properties":{"strasse":"S31","km":34,"richtung":"Gegenrichtung"}},{"type":"Feature","geometry":{"type":"Point","coordinates":[16.549317,47.83751]},"properties":{"strasse":"S31","km":34.5,"richtung":"Gegenrichtung"}},{"type":"Feature","geometry":{"type":"Point","coordinates":[16.551612,47.833312]},"properties":{"strasse":"S31","km":35,"richtung":"Gegenrichtung"}},{"type":"Feature","geometry":{"type":"Point","coordinates":[16.548635,47.829524]},"properties":{"strasse":"S31","km":35.5,"richtung":"Gegenrichtung"}},{"type":"Feature","geometry":{"type":"Point","coordinates":[16.543206,47.826893]},"properties":{"strasse":"S31","km":36,"richtung":"Gegenrichtung"}},{"type":"Feature","geometry":{"type":"Point","coordinates":[16.537104,47.825088]},"properties":{"strasse":"S31","km":36.5,"richtung":"Gegenrichtung"}},{"type":"Feature","geometry":{"type":"Point","coordinates":[16.530533,47.824236]},"properties":{"strasse":"S31","km":37,"richtung":"Gegenrichtung"}},{"type":"Feature","geometry":{"type":"Point","coordinates":[16.523999,47.823265]},"properties":{"strasse":"S31","km":37.5,"richtung":"Gegenrichtung"}},{"type":"Feature","geometry":{"type":"Point","coordinates":[16.517616,47.821913]},"properties":{"strasse":"S31","km":38,"richtung":"Gegenrichtung"}},{"type":"Feature","geometry":{"type":"Point","coordinates":[16.511357,47.82032]},"properties":{"strasse":"S31","km":38.5,"richtung":"Gegenrichtung"}},{"type":"Feature","geometry":{"type":"Point","coordinates":[16.505203,47.818552]},"properties":{"strasse":"S31","km":39,"richtung":"Gegenrichtung"}},{"type":"Feature","geometry":{"type":"Point","coordinates":[16.499203,47.81656]},"properties":{"strasse":"S31","km":39.5,"richtung":"Gegenrichtung"}},{"type":"Feature","geometry":{"type":"Point","coordinates":[16.49336,47.814368]},"properties":{"strasse":"S31","km":40,"richtung":"Gegenrichtung"}},{"type":"Feature","geometry":{"type":"Point","coordinates":[16.487794,47.811876]},"properties":{"strasse":"S31","km":40.5,"richtung":"Gegenrichtung"}},{"type":"Feature","geometry":{"type":"Point","coordinates":[16.482628,47.809021]},"properties":{"strasse":"S31","km":41,"richtung":"Gegenrichtung"}},{"type":"Feature","geometry":{"type":"Point","coordinates":[16.47771,47.805972]},"properties":{"strasse":"S31","km":41.5,"richtung":"Gegenrichtung"}},{"type":"Feature","geometry":{"type":"Point","coordinates":[16.472592,47.803078]},"properties":{"strasse":"S31","km":42,"richtung":"Gegenrichtung"}},{"type":"Feature","geometry":{"type":"Point","coordinates":[16.467075,47.800537]},"properties":{"strasse":"S31","km":42.5,"richtung":"Gegenrichtung"}},{"type":"Feature","geometry":{"type":"Point","coordinates":[16.461209,47.798378]},"properties":{"strasse":"S31","km":43,"richtung":"Gegenrichtung"}},{"type":"Feature","geometry":{"type":"Point","coordinates":[16.455117,47.796519]},"properties":{"strasse":"S31","km":43.5,"richtung":"Gegenrichtung"}},{"type":"Feature","geometry":{"type":"Point","coordinates":[16.449461,47.794141]},"properties":{"strasse":"S31","km":44,"richtung":"Gegenrichtung"}},{"type":"Feature","geometry":{"type":"Point","coordinates":[16.444868,47.790888]},"properties":{"strasse":"S31","km":44.5,"richtung":"Gegenrichtung"}},{"type":"Feature","geometry":{"type":"Point","coordinates":[16.441477,47.787019]},"properties":{"strasse":"S31","km":45,"richtung":"Gegenrichtung"}},{"type":"Feature","geometry":{"type":"Point","coordinates":[16.438348,47.783046]},"properties":{"strasse":"S31","km":45.5,"richtung":"Gegenrichtung"}},{"type":"Feature","geometry":{"type":"Point","coordinates":[16.435225,47.779071]},"properties":{"strasse":"S31","km":46,"richtung":"Gegenrichtung"}},{"type":"Feature","geometry":{"type":"Point","coordinates":[16.432098,47.775097]},"properties":{"strasse":"S31","km":46.5,"richtung":"Gegenrichtung"}},{"type":"Feature","geometry":{"type":"Point","coordinates":[16.428879,47.771158]},"properties":{"strasse":"S31","km":47,"richtung":"Gegenrichtung"}},{"type":"Feature","geometry":{"type":"Point","coordinates":[16.425163,47.767423]},"properties":{"strasse":"S31","km":47.5,"richtung":"Gegenrichtung"}},{"type":"Feature","geometry":{"type":"Point","coordinates":[16.420911,47.763956]},"properties":{"strasse":"S31","km":48,"richtung":"Gegenrichtung"}},{"type":"Feature","geometry":{"type":"Point","coordinates":[16.416168,47.76079]},"properties":{"strasse":"S31","km":48.5,"richtung":"Gegenrichtung"}},{"type":"Feature","geometry":{"type":"Point","coordinates":[16.410981,47.757957]},"properties":{"strasse":"S31","km":49,"richtung":"Gegenrichtung"}},{"type":"Feature","geometry":{"type":"Point","coordinates":[16.405401,47.755485]},"properties":{"strasse":"S31","km":49.5,"richtung":"Gegenrichtung"}},{"type":"Feature","geometry":{"type":"Point","coordinates":[16.399483,47.753397]},"properties":{"strasse":"S31","km":50,"richtung":"Gegenrichtung"}},{"type":"Feature","geometry":{"type":"Point","coordinates":[16.393448,47.751464]},"properties":{"strasse":"S31","km":50.5,"richtung":"Gegenrichtung"}},{"type":"Feature","geometry":{"type":"Point","coordinates":[16.387923,47.748948]},"properties":{"strasse":"S31","km":51,"richtung":"Gegenrichtung"}},{"type":"Feature","geometry":{"type":"Point","coordinates":[16.382816,47.746048]},"properties":{"strasse":"S31","km":51.5,"richtung":"Gegenrichtung"}},{"type":"Feature","geometry":{"type":"Point","coordinates":[16.377956,47.742964]},"properties":{"strasse":"S31","km":52,"richtung":"Gegenrichtung"}},{"type":"Feature","geometry":{"type":"Point","coordinates":[16.373903,47.739416]},"properties":{"strasse":"S31","km":52.5,"richtung":"Gegenrichtung"}},{"type":"Feature","geometry":{"type":"Point","coordinates":[16.371888,47.735156]},"properties":{"strasse":"S31","km":53,"richtung":"Gegenrichtung"}},{"type":"Feature","geometry":{"type":"Point","coordinates":[16.372228,47.730686]},"properties":{"strasse":"S31","km":53.5,"richtung":"Gegenrichtung"}},{"type":"Feature","geometry":{"type":"Point","coordinates":[16.374914,47.726598]},"properties":{"strasse":"S31","km":54,"richtung":"Gegenrichtung"}},{"type":"Feature","geometry":{"type":"Point","coordinates":[16.379002,47.723044]},"properties":{"strasse":"S31","km":54.5,"richtung":"Gegenrichtung"}},{"type":"Feature","geometry":{"type":"Point","coordinates":[16.383097,47.719493]},"properties":{"strasse":"S31","km":55,"richtung":"Gegenrichtung"}},{"type":"Feature","geometry":{"type":"Point","coordinates":[16.386008,47.715471]},"properties":{"strasse":"S31","km":55.5,"richtung":"Gegenrichtung"}},{"type":"Feature","geometry":{"type":"Point","coordinates":[16.386921,47.711037]},"properties":{"strasse":"S31","km":56,"richtung":"Gegenrichtung"}},{"type":"Feature","geometry":{"type":"Point","coordinates":[16.385778,47.706624]},"properties":{"strasse":"S31","km":56.5,"richtung":"Gegenrichtung"}},{"type":"Feature","geometry":{"type":"Point","coordinates":[16.382939,47.702561]},"properties":{"strasse":"S31","km":57,"richtung":"Gegenrichtung"}},{"type":"Feature","geometry":{"type":"Point","coordinates":[16.380618,47.698368]},"properties":{"strasse":"S31","km":57.5,"richtung":"Gegenrichtung"}},{"type":"Feature","geometry":{"type":"Point","coordinates":[16.381162,47.693922]},"properties":{"strasse":"S31","km":58,"richtung":"Gegenrichtung"}},{"type":"Feature","geometry":{"type":"Point","coordinates":[16.382834,47.689571]},"properties":{"strasse":"S31","km":58.5,"richtung":"Gegenrichtung"}},{"type":"Feature","geometry":{"type":"Point","coordinates":[16.383766,47.685126]},"properties":{"strasse":"S31","km":59,"richtung":"Gegenrichtung"}},{"type":"Feature","geometry":{"type":"Point","coordinates":[16.383543,47.680639]},"properties":{"strasse":"S31","km":59.5,"richtung":"Gegenrichtung"}},{"type":"Feature","geometry":{"type":"Point","coordinates":[16.382258,47.676233]},"properties":{"strasse":"S31","km":60,"richtung":"Gegenrichtung"}},{"type":"Feature","geometry":{"type":"Point","coordinates":[16.380025,47.672]},"properties":{"strasse":"S31","km":60.5,"richtung":"Gegenrichtung"}},{"type":"Feature","geometry":{"type":"Point","coordinates":[16.377953,47.667731]},"properties":{"strasse":"S31","km":61,"richtung":"Gegenrichtung"}},{"type":"Feature","geometry":{"type":"Point","coordinates":[16.376807,47.663305]},"properties":{"strasse":"S31","km":61.5,"richtung":"Gegenrichtung"}},{"type":"Feature","geometry":{"type":"Point","coordinates":[16.374953,47.659001]},"properties":{"strasse":"S31","km":62,"richtung":"Gegenrichtung"}},{"type":"Feature","geometry":{"type":"Point","coordinates":[16.372549,47.654815]},"properties":{"strasse":"S31","km":62.5,"richtung":"Gegenrichtung"}},{"type":"Feature","geometry":{"type":"Point","coordinates":[16.371876,47.65036]},"properties":{"strasse":"S31","km":63,"richtung":"Gegenrichtung"}},{"type":"Feature","geometry":{"type":"Point","coordinates":[16.373148,47.645965]},"properties":{"strasse":"S31","km":63.5,"richtung":"Gegenrichtung"}},{"type":"Feature","geometry":{"type":"Point","coordinates":[16.376193,47.641973]},"properties":{"strasse":"S31","km":64,"richtung":"Gegenrichtung"}},{"type":"Feature","geometry":{"type":"Point","coordinates":[16.379226,47.637975]},"properties":{"strasse":"S31","km":64.5,"richtung":"Gegenrichtung"}},{"type":"Feature","geometry":{"type":"Point","coordinates":[16.381086,47.633663]},"properties":{"strasse":"S31","km":65,"richtung":"Gegenrichtung"}},{"type":"Feature","geometry":{"type":"Point","coordinates":[16.382822,47.629325]},"properties":{"strasse":"S31","km":65.5,"richtung":"Gegenrichtung"}},{"type":"Feature","geometry":{"type":"Point","coordinates":[16.385538,47.625225]},"properties":{"strasse":"S31","km":66,"richtung":"Gegenrichtung"}},{"type":"Feature","geometry":{"type":"Point","coordinates":[16.388304,47.621136]},"properties":{"strasse":"S31","km":66.5,"richtung":"Gegenrichtung"}},{"type":"Feature","geometry":{"type":"Point","coordinates":[16.390267,47.616844]},"properties":{"strasse":"S31","km":67,"richtung":"Gegenrichtung"}},{"type":"Feature","geometry":{"type":"Point","coordinates":[16.391786,47.612469]},"properties":{"strasse":"S31","km":67.5,"richtung":"Gegenrichtung"}},{"type":"Feature","geometry":{"type":"Point","coordinates":[16.394721,47.608449]},"properties":{"strasse":"S31","km":68,"richtung":"Gegenrichtung"}},{"type":"Feature","geometry":{"type":"Point","coordinates":[16.398657,47.604822]},"properties":{"strasse":"S31","km":68.5,"richtung":"Gegenrichtung"}},{"type":"Feature","geometry":{"type":"Point","coordinates":[16.402374,47.601091]},"properties":{"strasse":"S31","km":69,"richtung":"Gegenrichtung"}},{"type":"Feature","geometry":{"type":"Point","coordinates":[16.40593,47.597289]},"properties":{"strasse":"S31","km":69.5,"richtung":"Gegenrichtung"}},{"type":"Feature","geometry":{"type":"Point","coordinates":[16.409327,47.593422]},"properties":{"strasse":"S31","km":70,"richtung":"Gegenrichtung"}},{"type":"Feature","geometry":{"type":"Point","coordinates":[16.412561,47.589492]},"properties":{"strasse":"S31","km":70.5,"richtung":"Gegenrichtung"}},{"type":"Feature","geometry":{"type":"Point","coordinates":[16.415165,47.585362]},"properties":{"strasse":"S31","km":71,"richtung":"Gegenrichtung"}},{"type":"Feature","geometry":{"type":"Point","coordinates":[16.416536,47.58097]},"properties":{"strasse":"S31","km":71.5,"richtung":"Gegenrichtung"}},{"type":"Feature","geometry":{"type":"Point","coordinates":[16.416681,47.576481]},"properties":{"strasse":"S31","km":72,"richtung":"Gegenrichtung"}},{"type":"Feature","geometry":{"type":"Point","coordinates":[16.415916,47.572017]},"properties":{"strasse":"S31","km":72.5,"richtung":"Gegenrichtung"}},{"type":"Feature","geometry":{"type":"Point","coordinates":[16.415332,47.567543]},"properties":{"strasse":"S31","km":73,"richtung":"Gegenrichtung"}},{"type":"Feature","geometry":{"type":"Point","coordinates":[16.415824,47.563066]},"properties":{"strasse":"S31","km":73.5,"richtung":"Gegenrichtung"}},{"type":"Feature","geometry":{"type":"Point","coordinates":[16.417083,47.558652]},"properties":{"strasse":"S31","km":74,"richtung":"Gegenrichtung"}},{"type":"Feature","geometry":{"type":"Point","coordinates":[16.418369,47.554242]},"properties":{"strasse":"S31","km":74.5,"richtung":"Gegenrichtung"}},{"type":"Feature","geometry":{"type":"Point","coordinates":[16.418936,47.549769]},"properties":{"strasse":"S31","km":75,"richtung":"Gegenrichtung"}},{"type":"Feature","geometry":{"type":"Point","coordinates":[16.42064,47.545457]},"properties":{"strasse":"S31","km":75.5,"richtung":"Gegenrichtung"}},{"type":"Feature","geometry":{"type":"Point","coordinates":[16.424766,47.541966]},"properties":{"strasse":"S31","km":76,"richtung":"Gegenrichtung"}},{"type":"Feature","geometry":{"type":"Point","coordinates":[16.429444,47.538773]},"properties":{"strasse":"S31","km":76.5,"richtung":"Gegenrichtung"}},{"type":"Feature","geometry":{"type":"Point","coordinates":[16.433714,47.535326]},"properties":{"strasse":"S31","km":77,"richtung":"Gegenrichtung"}},{"type":"Feature","geometry":{"type":"Point","coordinates":[16.438607,47.532284]},"properties":{"strasse":"S31","km":77.5,"richtung":"Gegenrichtung"}},{"type":"Feature","geometry":{"type":"Point","coordinates":[16.444095,47.529747]},"properties":{"strasse":"S31","km":78,"richtung":"Gegenrichtung"}},{"type":"Feature","geometry":{"type":"Point","coordinates":[16.450181,47.527951]},"properties":{"strasse":"S31","km":78.5,"richtung":"Gegenrichtung"}},{"type":"Feature","geometry":{"type":"Point","coordinates":[16.455543,47.525421]},"properties":{"strasse":"S31","km":79,"richtung":"Gegenrichtung"}},{"type":"Feature","geometry":{"type":"Point","coordinates":[16.457482,47.521205]},"properties":{"strasse":"S31","km":79.5,"richtung":"Gegenrichtung"}},{"type":"Feature","geometry":{"type":"Point","coordinates":[16.457683,47.51673]},"properties":{"strasse":"S31","km":80,"richtung":"Gegenrichtung"}},{"type":"Feature","geometry":{"type":"Point","coordinates":[16.461717,47.51338]},"properties":{"strasse":"S31","km":80.5,"richtung":"Gegenrichtung"}},{"type":"Feature","geometry":{"type":"Point","coordinates":[16.463219,47.509033]},"properties":{"strasse":"S31","km":81,"richtung":"Gegenrichtung"}},{"type":"Feature","geometry":{"type":"Point","coordinates":[16.467621,47.505761]},"properties":{"strasse":"S31","km":81.5,"richtung":"Gegenrichtung"}},{"type":"Feature","geometry":{"type":"Point","coordinates":[16.474027,47.504751]},"properties":{"strasse":"S31","km":82,"richtung":"Gegenrichtung"}},{"type":"Feature","geometry":{"type":"Point","coordinates":[16.480269,47.503334]},"properties":{"strasse":"S31","km":82.5,"richtung":"Gegenrichtung"}},{"type":"Feature","geometry":{"type":"Point","coordinates":[16.484741,47.500069]},"properties":{"strasse":"S31","km":83,"richtung":"Gegenrichtung"}},{"type":"Feature","geometry":{"type":"Point","coordinates":[16.488317,47.49633]},"properties":{"strasse":"S31","km":83.5,"richtung":"Gegenrichtung"}},{"type":"Feature","geometry":{"type":"Point","coordinates":[16.491736,47.492627]},"properties":{"strasse":"S31","km":84,"richtung":"Gegenrichtung"}},{"type":"Feature","geometry":{"type":"Point","coordinates":[16.546491,47.8416]},"properties":{"strasse":"S31","km":34,"richtung":"Hauptrichtung"}},{"type":"Feature","geometry":{"type":"Point","coordinates":[16.549259,47.83751]},"properties":{"strasse":"S31","km":34.5,"richtung":"Hauptrichtung"}},{"type":"Feature","geometry":{"type":"Point","coordinates":[16.551558,47.833315]},"properties":{"strasse":"S31","km":35,"richtung":"Hauptrichtung"}},{"type":"Feature","geometry":{"type":"Point","coordinates":[16.548574,47.829535]},"properties":{"strasse":"S31","km":35.5,"richtung":"Hauptrichtung"}},{"type":"Feature","geometry":{"type":"Point","coordinates":[16.543112,47.826942]},"properties":{"strasse":"S31","km":36,"richtung":"Hauptrichtung"}},{"type":"Feature","geometry":{"type":"Point","coordinates":[16.536989,47.825172]},"properties":{"strasse":"S31","km":36.5,"richtung":"Hauptrichtung"}},{"type":"Feature","geometry":{"type":"Point","coordinates":[16.53042,47.824327]},"properties":{"strasse":"S31","km":37,"richtung":"Hauptrichtung"}},{"type":"Feature","geometry":{"type":"Point","coordinates":[16.523892,47.823351]},"properties":{"strasse":"S31","km":37.5,"richtung":"Hauptrichtung"}},{"type":"Feature","geometry":{"type":"Point","coordinates":[16.517514,47.821998]},"properties":{"strasse":"S31","km":38,"richtung":"Hauptrichtung"}},{"type":"Feature","geometry":{"type":"Point","coordinates":[16.511251,47.82042]},"properties":{"strasse":"S31","km":38.5,"richtung":"Hauptrichtung"}},{"type":"Feature","geometry":{"type":"Point","coordinates":[16.505112,47.818636]},"properties":{"strasse":"S31","km":39,"richtung":"Hauptrichtung"}},{"type":"Feature","geometry":{"type":"Point","coordinates":[16.499114,47.816647]},"properties":{"strasse":"S31","km":39.5,"richtung":"Hauptrichtung"}},{"type":"Feature","geometry":{"type":"Point","coordinates":[16.493275,47.814457]},"properties":{"strasse":"S31","km":40,"richtung":"Hauptrichtung"}},{"type":"Feature","geometry":{"type":"Point","coordinates":[16.487713,47.811965]},"properties":{"strasse":"S31","km":40.5,"richtung":"Hauptrichtung"}},{"type":"Feature","geometry":{"type":"Point","coordinates":[16.482549,47.809112]},"properties":{"strasse":"S31","km":41,"richtung":"Hauptrichtung"}},{"type":"Feature","geometry":{"type":"Point","coordinates":[16.477634,47.806066]},"properties":{"strasse":"S31","km":41.5,"richtung":"Hauptrichtung"}},{"type":"Feature","geometry":{"type":"Point","coordinates":[16.472521,47.803173]},"properties":{"strasse":"S31","km":42,"richtung":"Hauptrichtung"}},{"type":"Feature","geometry":{"type":"Point","coordinates":[16.467009,47.800632]},"properties":{"strasse":"S31","km":42.5,"richtung":"Hauptrichtung"}},{"type":"Feature","geometry":{"type":"Point","coordinates":[16.461146,47.798476]},"properties":{"strasse":"S31","km":43,"richtung":"Hauptrichtung"}},{"type":"Feature","geometry":{"type":"Point","coordinates":[16.455061,47.796615]},"properties":{"strasse":"S31","km":43.5,"richtung":"Hauptrichtung"}},{"type":"Feature","geometry":{"type":"Point","coordinates":[16.449408,47.794238]},"properties":{"strasse":"S31","km":44,"richtung":"Hauptrichtung"}},{"type":"Feature","geometry":{"type":"Point","coordinates":[16.444805,47.790996]},"properties":{"strasse":"S31","km":44.5,"richtung":"Hauptrichtung"}},{"type":"Feature","geometry":{"type":"Point","coordinates":[16.441401,47.787136]},"properties":{"strasse":"S31","km":45,"richtung":"Hauptrichtung"}},{"type":"Feature","geometry":{"type":"Point","coordinates":[16.438277,47.783165]},"properties":{"strasse":"S31","km":45.5,"richtung":"Hauptrichtung"}},{"type":"Feature","geometry":{"type":"Point","coordinates":[16.435144,47.779197]},"properties":{"strasse":"S31","km":46,"richtung":"Hauptrichtung"}},{"type":"Feature","geometry":{"type":"Point","coordinates":[16.43202,47.775226]},"properties":{"strasse":"S31","km":46.5,"richtung":"Hauptrichtung"}},{"type":"Feature","geometry":{"type":"Point","coordinates":[16.428811,47.771286]},"properties":{"strasse":"S31","km":47,"richtung":"Hauptrichtung"}},{"type":"Feature","geometry":{"type":"Point","coordinates":[16.425106,47.767549]},"properties":{"strasse":"S31","km":47.5,"richtung":"Hauptrichtung"}},{"type":"Feature","geometry":{"type":"Point","coordinates":[16.420867,47.764079]},"properties":{"strasse":"S31","km":48,"richtung":"Hauptrichtung"}},{"type":"Feature","geometry":{"type":"Point","coordinates":[16.416134,47.760911]},"properties":{"strasse":"S31","km":48.5,"richtung":"Hauptrichtung"}},{"type":"Feature","geometry":{"type":"Point","coordinates":[16.41096,47.758071]},"properties":{"strasse":"S31","km":49,"richtung":"Hauptrichtung"}},{"type":"Feature","geometry":{"type":"Point","coordinates":[16.405381,47.755602]},"properties":{"strasse":"S31","km":49.5,"richtung":"Hauptrichtung"}},{"type":"Feature","geometry":{"type":"Point","coordinates":[16.39947,47.753512]},"properties":{"strasse":"S31","km":50,"richtung":"Hauptrichtung"}},{"type":"Feature","geometry":{"type":"Point","coordinates":[16.393455,47.751557]},"properties":{"strasse":"S31","km":50.5,"richtung":"Hauptrichtung"}},{"type":"Feature","geometry":{"type":"Point","coordinates":[16.387928,47.749049]},"properties":{"strasse":"S31","km":51,"richtung":"Hauptrichtung"}},{"type":"Feature","geometry":{"type":"Point","coordinates":[16.382817,47.746157]},"properties":{"strasse":"S31","km":51.5,"richtung":"Hauptrichtung"}},{"type":"Feature","geometry":{"type":"Point","coordinates":[16.377961,47.743076]},"properties":{"strasse":"S31","km":52,"richtung":"Hauptrichtung"}},{"type":"Feature","geometry":{"type":"Point","coordinates":[16.373875,47.739548]},"properties":{"strasse":"S31","km":52.5,"richtung":"Hauptrichtung"}},{"type":"Feature","geometry":{"type":"Point","coordinates":[16.371802,47.735303]},"properties":{"strasse":"S31","km":53,"richtung":"Hauptrichtung"}},{"type":"Feature","geometry":{"type":"Point","coordinates":[16.372063,47.730834]},"properties":{"strasse":"S31","km":53.5,"richtung":"Hauptrichtung"}},{"type":"Feature","geometry":{"type":"Point","coordinates":[16.37465,47.726721]},"properties":{"strasse":"S31","km":54,"richtung":"Hauptrichtung"}},{"type":"Feature","geometry":{"type":"Point","coordinates":[16.37872,47.723163]},"properties":{"strasse":"S31","km":54.5,"richtung":"Hauptrichtung"}},{"type":"Feature","geometry":{"type":"Point","coordinates":[16.382812,47.719614]},"properties":{"strasse":"S31","km":55,"richtung":"Hauptrichtung"}},{"type":"Feature","geometry":{"type":"Point","coordinates":[16.385818,47.715628]},"properties":{"strasse":"S31","km":55.5,"richtung":"Hauptrichtung"}},{"type":"Feature","geometry":{"type":"Point","coordinates":[16.386805,47.711204]},"properties":{"strasse":"S31","km":56,"richtung":"Hauptrichtung"}},{"type":"Feature","geometry":{"type":"Point","coordinates":[16.385735,47.706787]},"properties":{"strasse":"S31","km":56.5,"richtung":"Hauptrichtung"}},{"type":"Feature","geometry":{"type":"Point","coordinates":[16.382931,47.702717]},"properties":{"strasse":"S31","km":57,"richtung":"Hauptrichtung"}},{"type":"Feature","geometry":{"type":"Point","coordinates":[16.380548,47.698541]},"properties":{"strasse":"S31","km":57.5,"richtung":"Hauptrichtung"}},{"type":"Feature","geometry":{"type":"Point","coordinates":[16.380977,47.694096]},"properties":{"strasse":"S31","km":58,"richtung":"Hauptrichtung"}},{"type":"Feature","geometry":{"type":"Point","coordinates":[16.382659,47.689749]},"properties":{"strasse":"S31","km":58.5,"richtung":"Hauptrichtung"}},{"type":"Feature","geometry":{"type":"Point","coordinates":[16.383666,47.685316]},"properties":{"strasse":"S31","km":59,"richtung":"Hauptrichtung"}},{"type":"Feature","geometry":{"type":"Point","coordinates":[16.383479,47.680831]},"properties":{"strasse":"S31","km":59.5,"richtung":"Hauptrichtung"}},{"type":"Feature","geometry":{"type":"Point","coordinates":[16.38223,47.676424]},"properties":{"strasse":"S31","km":60,"richtung":"Hauptrichtung"}},{"type":"Feature","geometry":{"type":"Point","coordinates":[16.380042,47.672184]},"properties":{"strasse":"S31","km":60.5,"richtung":"Hauptrichtung"}},{"type":"Feature","geometry":{"type":"Point","coordinates":[16.377938,47.667925]},"properties":{"strasse":"S31","km":61,"richtung":"Hauptrichtung"}},{"type":"Feature","geometry":{"type":"Point","coordinates":[16.376771,47.663505]},"properties":{"strasse":"S31","km":61.5,"richtung":"Hauptrichtung"}},{"type":"Feature","geometry":{"type":"Point","coordinates":[16.374982,47.659191]},"properties":{"strasse":"S31","km":62,"richtung":"Hauptrichtung"}},{"type":"Feature","geometry":{"type":"Point","coordinates":[16.372511,47.655027]},"properties":{"strasse":"S31","km":62.5,"richtung":"Hauptrichtung"}},{"type":"Feature","geometry":{"type":"Point","coordinates":[16.371745,47.650582]},"properties":{"strasse":"S31","km":63,"richtung":"Hauptrichtung"}},{"type":"Feature","geometry":{"type":"Point","coordinates":[16.372891,47.646173]},"properties":{"strasse":"S31","km":63.5,"richtung":"Hauptrichtung"}},{"type":"Feature","geometry":{"type":"Point","coordinates":[16.375884,47.642166]},"properties":{"strasse":"S31","km":64,"richtung":"Hauptrichtung"}},{"type":"Feature","geometry":{"type":"Point","coordinates":[16.378972,47.638191]},"properties":{"strasse":"S31","km":64.5,"richtung":"Hauptrichtung"}},{"type":"Feature","geometry":{"type":"Point","coordinates":[16.38088,47.633892]},"properties":{"strasse":"S31","km":65,"richtung":"Hauptrichtung"}},{"type":"Feature","geometry":{"type":"Point","coordinates":[16.382587,47.629552]},"properties":{"strasse":"S31","km":65.5,"richtung":"Hauptrichtung"}},{"type":"Feature","geometry":{"type":"Point","coordinates":[16.385244,47.625437]},"properties":{"strasse":"S31","km":66,"richtung":"Hauptrichtung"}},{"type":"Feature","geometry":{"type":"Point","coordinates":[16.388047,47.621364]},"properties":{"strasse":"S31","km":66.5,"richtung":"Hauptrichtung"}},{"type":"Feature","geometry":{"type":"Point","coordinates":[16.390059,47.617085]},"properties":{"strasse":"S31","km":67,"richtung":"Hauptrichtung"}},{"type":"Feature","geometry":{"type":"Point","coordinates":[16.391555,47.612709]},"properties":{"strasse":"S31","km":67.5,"richtung":"Hauptrichtung"}},{"type":"Feature","geometry":{"type":"Point","coordinates":[16.394377,47.608656]},"properties":{"strasse":"S31","km":68,"richtung":"Hauptrichtung"}},{"type":"Feature","geometry":{"type":"Point","coordinates":[16.398295,47.605024]},"properties":{"strasse":"S31","km":68.5,"richtung":"Hauptrichtung"}},{"type":"Feature","geometry":{"type":"Point","coordinates":[16.402029,47.601305]},"properties":{"strasse":"S31","km":69,"richtung":"Hauptrichtung"}},{"type":"Feature","geometry":{"type":"Point","coordinates":[16.405594,47.59751]},"properties":{"strasse":"S31","km":69.5,"richtung":"Hauptrichtung"}},{"type":"Feature","geometry":{"type":"Point","coordinates":[16.409001,47.59365]},"properties":{"strasse":"S31","km":70,"richtung":"Hauptrichtung"}},{"type":"Feature","geometry":{"type":"Point","coordinates":[16.412241,47.589726]},"properties":{"strasse":"S31","km":70.5,"richtung":"Hauptrichtung"}},{"type":"Feature","geometry":{"type":"Point","coordinates":[16.414917,47.58562]},"properties":{"strasse":"S31","km":71,"richtung":"Hauptrichtung"}},{"type":"Feature","geometry":{"type":"Point","coordinates":[16.416366,47.581243]},"properties":{"strasse":"S31","km":71.5,"richtung":"Hauptrichtung"}},{"type":"Feature","geometry":{"type":"Point","coordinates":[16.416591,47.576758]},"properties":{"strasse":"S31","km":72,"richtung":"Hauptrichtung"}},{"type":"Feature","geometry":{"type":"Point","coordinates":[16.415884,47.572293]},"properties":{"strasse":"S31","km":72.5,"richtung":"Hauptrichtung"}},{"type":"Feature","geometry":{"type":"Point","coordinates":[16.415251,47.567825]},"properties":{"strasse":"S31","km":73,"richtung":"Hauptrichtung"}},{"type":"Feature","geometry":{"type":"Point","coordinates":[16.415672,47.563347]},"properties":{"strasse":"S31","km":73.5,"richtung":"Hauptrichtung"}},{"type":"Feature","geometry":{"type":"Point","coordinates":[16.416913,47.558934]},"properties":{"strasse":"S31","km":74,"richtung":"Hauptrichtung"}},{"type":"Feature","geometry":{"type":"Point","coordinates":[16.4182,47.554527]},"properties":{"strasse":"S31","km":74.5,"richtung":"Hauptrichtung"}},{"type":"Feature","geometry":{"type":"Point","coordinates":[16.41883,47.550063]},"properties":{"strasse":"S31","km":75,"richtung":"Hauptrichtung"}},{"type":"Feature","geometry":{"type":"Point","coordinates":[16.420354,47.545722]},"properties":{"strasse":"S31","km":75.5,"richtung":"Hauptrichtung"}},{"type":"Feature","geometry":{"type":"Point","coordinates":[16.424328,47.542158]},"properties":{"strasse":"S31","km":76,"richtung":"Hauptrichtung"}},{"type":"Feature","geometry":{"type":"Point","coordinates":[16.429045,47.538995]},"properties":{"strasse":"S31","km":76.5,"richtung":"Hauptrichtung"}},{"type":"Feature","geometry":{"type":"Point","coordinates":[16.433298,47.535542]},"properties":{"strasse":"S31","km":77,"richtung":"Hauptrichtung"}},{"type":"Feature","geometry":{"type":"Point","coordinates":[16.438137,47.532465]},"properties":{"strasse":"S31","km":77.5,"richtung":"Hauptrichtung"}},{"type":"Feature","geometry":{"type":"Point","coordinates":[16.443577,47.529885]},"properties":{"strasse":"S31","km":78,"richtung":"Hauptrichtung"}},{"type":"Feature","geometry":{"type":"Point","coordinates":[16.449609,47.528018]},"properties":{"strasse":"S31","km":78.5,"richtung":"Hauptrichtung"}},{"type":"Feature","geometry":{"type":"Point","coordinates":[16.455152,47.525666]},"properties":{"strasse":"S31","km":79,"richtung":"Hauptrichtung"}},{"type":"Feature","geometry":{"type":"Point","coordinates":[16.457394,47.521525]},"properties":{"strasse":"S31","km":79.5,"richtung":"Hauptrichtung"}},{"type":"Feature","geometry":{"type":"Point","coordinates":[16.457496,47.517046]},"properties":{"strasse":"S31","km":80,"richtung":"Hauptrichtung"}},{"type":"Feature","geometry":{"type":"Point","coordinates":[16.460235,47.513001]},"properties":{"strasse":"S31","km":80.5,"richtung":"Hauptrichtung"}},{"type":"Feature","geometry":{"type":"Point","coordinates":[16.463147,47.509005]},"properties":{"strasse":"S31","km":81,"richtung":"Hauptrichtung"}},{"type":"Feature","geometry":{"type":"Point","coordinates":[16.467563,47.505742]},"properties":{"strasse":"S31","km":81.5,"richtung":"Hauptrichtung"}},{"type":"Feature","geometry":{"type":"Point","coordinates":[16.473958,47.504716]},"properties":{"strasse":"S31","km":82,"richtung":"Hauptrichtung"}},{"type":"Feature","geometry":{"type":"Point","coordinates":[16.480205,47.503319]},"properties":{"strasse":"S31","km":82.5,"richtung":"Hauptrichtung"}},{"type":"Feature","geometry":{"type":"Point","coordinates":[16.484683,47.500062]},"properties":{"strasse":"S31","km":83,"richtung":"Hauptrichtung"}},{"type":"Feature","geometry":{"type":"Point","coordinates":[16.488248,47.49632]},"properties":{"strasse":"S31","km":83.5,"richtung":"Hauptrichtung"}},{"type":"Feature","geometry":{"type":"Point","coordinates":[16.491677,47.492626]},"properties":{"strasse":"S31","km":84,"richtung":"Hauptrichtung"}},{"type":"Feature","geometry":{"type":"Point","coordinates":[16.410018,47.753489]},"properties":{"strasse":"S4","km":0,"richtung":"Gegenrichtung"}},{"type":"Feature","geometry":{"type":"Point","coordinates":[16.404686,47.75601]},"properties":{"strasse":"S4","km":0.5,"richtung":"Gegenrichtung"}},{"type":"Feature","geometry":{"type":"Point","coordinates":[16.399892,47.75902]},"properties":{"strasse":"S4","km":1,"richtung":"Gegenrichtung"}},{"type":"Feature","geometry":{"type":"Point","coordinates":[16.395085,47.76202]},"properties":{"strasse":"S4","km":1.5,"richtung":"Gegenrichtung"}},{"type":"Feature","geometry":{"type":"Point","coordinates":[16.390265,47.765012]},"properties":{"strasse":"S4","km":2,"richtung":"Gegenrichtung"}},{"type":"Feature","geometry":{"type":"Point","coordinates":[16.385245,47.76785]},"properties":{"strasse":"S4","km":2.5,"richtung":"Gegenrichtung"}},{"type":"Feature","geometry":{"type":"Point","coordinates":[16.380022,47.770519]},"properties":{"strasse":"S4","km":3,"richtung":"Gegenrichtung"}},{"type":"Feature","geometry":{"type":"Point","coordinates":[16.37461,47.773011]},"properties":{"strasse":"S4","km":3.5,"richtung":"Gegenrichtung"}},{"type":"Feature","geometry":{"type":"Point","coordinates":[16.369021,47.77532]},"properties":{"strasse":"S4","km":4,"richtung":"Gegenrichtung"}},{"type":"Feature","geometry":{"type":"Point","coordinates":[16.363333,47.777519]},"properties":{"strasse":"S4","km":4.5,"richtung":"Gegenrichtung"}},{"type":"Feature","geometry":{"type":"Point","coordinates":[16.357644,47.779717]},"properties":{"strasse":"S4","km":5,"richtung":"Gegenrichtung"}},{"type":"Feature","geometry":{"type":"Point","coordinates":[16.351922,47.781875]},"properties":{"strasse":"S4","km":5.5,"richtung":"Gegenrichtung"}},{"type":"Feature","geometry":{"type":"Point","coordinates":[16.345644,47.78309]},"properties":{"strasse":"S4","km":6,"richtung":"Gegenrichtung"}},{"type":"Feature","geometry":{"type":"Point","coordinates":[16.339097,47.783395]},"properties":{"strasse":"S4","km":6.5,"richtung":"Gegenrichtung"}},{"type":"Feature","geometry":{"type":"Point","coordinates":[16.332573,47.783866]},"properties":{"strasse":"S4","km":7,"richtung":"Gegenrichtung"}},{"type":"Feature","geometry":{"type":"Point","coordinates":[16.326061,47.784416]},"properties":{"strasse":"S4","km":7.5,"richtung":"Gegenrichtung"}},{"type":"Feature","geometry":{"type":"Point","coordinates":[16.319513,47.78469]},"properties":{"strasse":"S4","km":8,"richtung":"Gegenrichtung"}},{"type":"Feature","geometry":{"type":"Point","coordinates":[16.31295,47.784668]},"properties":{"strasse":"S4","km":8.5,"richtung":"Gegenrichtung"}},{"type":"Feature","geometry":{"type":"Point","coordinates":[16.306424,47.785065]},"properties":{"strasse":"S4","km":9,"richtung":"Gegenrichtung"}},{"type":"Feature","geometry":{"type":"Point","coordinates":[16.300133,47.786298]},"properties":{"strasse":"S4","km":9.5,"richtung":"Gegenrichtung"}},{"type":"Feature","geometry":{"type":"Point","coordinates":[16.294053,47.787959]},"properties":{"strasse":"S4","km":10,"richtung":"Gegenrichtung"}},{"type":"Feature","geometry":{"type":"Point","coordinates":[16.287981,47.789633]},"properties":{"strasse":"S4","km":10.5,"richtung":"Gegenrichtung"}},{"type":"Feature","geometry":{"type":"Point","coordinates":[16.281909,47.791308]},"properties":{"strasse":"S4","km":11,"richtung":"Gegenrichtung"}},{"type":"Feature","geometry":{"type":"Point","coordinates":[16.275836,47.792982]},"properties":{"strasse":"S4","km":11.5,"richtung":"Gegenrichtung"}},{"type":"Feature","geometry":{"type":"Point","coordinates":[16.269764,47.794657]},"properties":{"strasse":"S4","km":12,"richtung":"Gegenrichtung"}},{"type":"Feature","geometry":{"type":"Point","coordinates":[16.263794,47.796479]},"properties":{"strasse":"S4","km":12.5,"richtung":"Gegenrichtung"}},{"type":"Feature","geometry":{"type":"Point","coordinates":[16.258253,47.79476]},"properties":{"strasse":"S4","km":13,"richtung":"Gegenrichtung"}},{"type":"Feature","geometry":{"type":"Point","coordinates":[16.255274,47.790831]},"properties":{"strasse":"S4","km":13.5,"richtung":"Gegenrichtung"}},{"type":"Feature","geometry":{"type":"Point","coordinates":[16.25198,47.787029]},"properties":{"strasse":"S4","km":14,"richtung":"Gegenrichtung"}},{"type":"Feature","geometry":{"type":"Point","coordinates":[16.246793,47.784402]},"properties":{"strasse":"S4","km":14.5,"richtung":"Gegenrichtung"}},{"type":"Feature","geometry":{"type":"Point","coordinates":[16.240376,47.783682]},"properties":{"strasse":"S4","km":15,"richtung":"Gegenrichtung"}},{"type":"Feature","geometry":{"type":"Point","coordinates":[16.234192,47.785041]},"properties":{"strasse":"S4","km":15.5,"richtung":"Gegenrichtung"}},{"type":"Feature","geometry":{"type":"Point","coordinates":[16.228211,47.786847]},"properties":{"strasse":"S4","km":16,"richtung":"Gegenrichtung"}},{"type":"Feature","geometry":{"type":"Point","coordinates":[16.221877,47.787979]},"properties":{"strasse":"S4","km":16.5,"richtung":"Gegenrichtung"}},{"type":"Feature","geometry":{"type":"Point","coordinates":[16.215351,47.788409]},"properties":{"strasse":"S4","km":17,"richtung":"Gegenrichtung"}},{"type":"Feature","geometry":{"type":"Point","coordinates":[16.41005,47.753525]},"properties":{"strasse":"S4","km":0,"richtung":"Hauptrichtung"}},{"type":"Feature","geometry":{"type":"Point","coordinates":[16.404699,47.756127]},"properties":{"strasse":"S4","km":0.5,"richtung":"Hauptrichtung"}},{"type":"Feature","geometry":{"type":"Point","coordinates":[16.399821,47.759154]},"properties":{"strasse":"S4","km":1,"richtung":"Hauptrichtung"}},{"type":"Feature","geometry":{"type":"Point","coordinates":[16.394948,47.762186]},"properties":{"strasse":"S4","km":1.5,"richtung":"Hauptrichtung"}},{"type":"Feature","geometry":{"type":"Point","coordinates":[16.390064,47.765211]},"properties":{"strasse":"S4","km":2,"richtung":"Hauptrichtung"}},{"type":"Feature","geometry":{"type":"Point","coordinates":[16.384968,47.768073]},"properties":{"strasse":"S4","km":2.5,"richtung":"Hauptrichtung"}},{"type":"Feature","geometry":{"type":"Point","coordinates":[16.379667,47.770761]},"properties":{"strasse":"S4","km":3,"richtung":"Hauptrichtung"}},{"type":"Feature","geometry":{"type":"Point","coordinates":[16.374173,47.773269]},"properties":{"strasse":"S4","km":3.5,"richtung":"Hauptrichtung"}},{"type":"Feature","geometry":{"type":"Point","coordinates":[16.3685,47.77559]},"properties":{"strasse":"S4","km":4,"richtung":"Hauptrichtung"}},{"type":"Feature","geometry":{"type":"Point","coordinates":[16.362741,47.777815]},"properties":{"strasse":"S4","km":4.5,"richtung":"Hauptrichtung"}},{"type":"Feature","geometry":{"type":"Point","coordinates":[16.356982,47.780039]},"properties":{"strasse":"S4","km":5,"richtung":"Hauptrichtung"}},{"type":"Feature","geometry":{"type":"Point","coordinates":[16.35115,47.782171]},"properties":{"strasse":"S4","km":5.5,"richtung":"Hauptrichtung"}},{"type":"Feature","geometry":{"type":"Point","coordinates":[16.344719,47.783207]},"properties":{"strasse":"S4","km":6,"richtung":"Hauptrichtung"}},{"type":"Feature","geometry":{"type":"Point","coordinates":[16.338091,47.78351]},"properties":{"strasse":"S4","km":6.5,"richtung":"Hauptrichtung"}},{"type":"Feature","geometry":{"type":"Point","coordinates":[16.331492,47.784017]},"properties":{"strasse":"S4","km":7,"richtung":"Hauptrichtung"}},{"type":"Feature","geometry":{"type":"Point","coordinates":[16.324897,47.784554]},"properties":{"strasse":"S4","km":7.5,"richtung":"Hauptrichtung"}},{"type":"Feature","geometry":{"type":"Point","coordinates":[16.318262,47.784753]},"properties":{"strasse":"S4","km":8,"richtung":"Hauptrichtung"}},{"type":"Feature","geometry":{"type":"Point","coordinates":[16.311619,47.784739]},"properties":{"strasse":"S4","km":8.5,"richtung":"Hauptrichtung"}},{"type":"Feature","geometry":{"type":"Point","coordinates":[16.305043,47.78532]},"properties":{"strasse":"S4","km":9,"richtung":"Hauptrichtung"}},{"type":"Feature","geometry":{"type":"Point","coordinates":[16.298748,47.786731]},"properties":{"strasse":"S4","km":9.5,"richtung":"Hauptrichtung"}},{"type":"Feature","geometry":{"type":"Point","coordinates":[16.292599,47.788422]},"properties":{"strasse":"S4","km":10,"richtung":"Hauptrichtung"}},{"type":"Feature","geometry":{"type":"Point","coordinates":[16.286453,47.790117]},"properties":{"strasse":"S4","km":10.5,"richtung":"Hauptrichtung"}},{"type":"Feature","geometry":{"type":"Point","coordinates":[16.280306,47.791812]},"properties":{"strasse":"S4","km":11,"richtung":"Hauptrichtung"}},{"type":"Feature","geometry":{"type":"Point","coordinates":[16.274159,47.793507]},"properties":{"strasse":"S4","km":11.5,"richtung":"Hauptrichtung"}},{"type":"Feature","geometry":{"type":"Point","coordinates":[16.268029,47.79523]},"properties":{"strasse":"S4","km":12,"richtung":"Hauptrichtung"}},{"type":"Feature","geometry":{"type":"Point","coordinates":[16.262219,47.797379]},"properties":{"strasse":"S4","km":12.5,"richtung":"Hauptrichtung"}},{"type":"Feature","geometry":{"type":"Point","coordinates":[16.256917,47.795584]},"properties":{"strasse":"S4","km":13,"richtung":"Hauptrichtung"}},{"type":"Feature","geometry":{"type":"Point","coordinates":[16.255466,47.791283]},"properties":{"strasse":"S4","km":13.5,"richtung":"Hauptrichtung"}},{"type":"Feature","geometry":{"type":"Point","coordinates":[16.252279,47.787374]},"properties":{"strasse":"S4","km":14,"richtung":"Hauptrichtung"}},{"type":"Feature","geometry":{"type":"Point","coordinates":[16.24719,47.784578]},"properties":{"strasse":"S4","km":14.5,"richtung":"Hauptrichtung"}},{"type":"Feature","geometry":{"type":"Point","coordinates":[16.240731,47.783743]},"properties":{"strasse":"S4","km":15,"richtung":"Hauptrichtung"}},{"type":"Feature","geometry":{"type":"Point","coordinates":[16.234447,47.78507]},"properties":{"strasse":"S4","km":15.5,"richtung":"Hauptrichtung"}},{"type":"Feature","geometry":{"type":"Point","coordinates":[16.228401,47.786911]},"properties":{"strasse":"S4","km":16,"richtung":"Hauptrichtung"}},{"type":"Feature","geometry":{"type":"Point","coordinates":[16.222003,47.788093]},"properties":{"strasse":"S4","km":16.5,"richtung":"Hauptrichtung"}},{"type":"Feature","geometry":{"type":"Point","coordinates":[16.215401,47.788549]},"properties":{"strasse":"S4","km":17,"richtung":"Hauptrichtung"}},{"type":"Feature","geometry":{"type":"Point","coordinates":[15.990581,47.099405]},"properties":{"strasse":"S7","km":0.5,"richtung":"Gegenrichtung"}},{"type":"Feature","geometry":{"type":"Point","coordinates":[15.99693,47.098234]},"properties":{"strasse":"S7","km":1,"richtung":"Gegenrichtung"}},{"type":"Feature","geometry":{"type":"Point","coordinates":[16.002209,47.095598]},"properties":{"strasse":"S7","km":1.5,"richtung":"Gegenrichtung"}},{"type":"Feature","geometry":{"type":"Point","coordinates":[16.006259,47.092057]},"properties":{"strasse":"S7","km":2,"richtung":"Gegenrichtung"}},{"type":"Feature","geometry":{"type":"Point","coordinates":[16.010267,47.088492]},"properties":{"strasse":"S7","km":2.5,"richtung":"Gegenrichtung"}},{"type":"Feature","geometry":{"type":"Point","coordinates":[16.014675,47.085167]},"properties":{"strasse":"S7","km":3,"richtung":"Gegenrichtung"}},{"type":"Feature","geometry":{"type":"Point","coordinates":[16.020134,47.082671]},"properties":{"strasse":"S7","km":3.5,"richtung":"Gegenrichtung"}},{"type":"Feature","geometry":{"type":"Point","coordinates":[16.026332,47.081177]},"properties":{"strasse":"S7","km":4,"richtung":"Gegenrichtung"}},{"type":"Feature","geometry":{"type":"Point","coordinates":[16.032806,47.080332]},"properties":{"strasse":"S7","km":4.5,"richtung":"Gegenrichtung"}},{"type":"Feature","geometry":{"type":"Point","coordinates":[16.039333,47.079708]},"properties":{"strasse":"S7","km":5,"richtung":"Gegenrichtung"}},{"type":"Feature","geometry":{"type":"Point","coordinates":[16.045898,47.079309]},"properties":{"strasse":"S7","km":5.5,"richtung":"Gegenrichtung"}},{"type":"Feature","geometry":{"type":"Point","coordinates":[16.052464,47.078936]},"properties":{"strasse":"S7","km":6,"richtung":"Gegenrichtung"}},{"type":"Feature","geometry":{"type":"Point","coordinates":[16.058872,47.077904]},"properties":{"strasse":"S7","km":6.5,"richtung":"Gegenrichtung"}},{"type":"Feature","geometry":{"type":"Point","coordinates":[16.065089,47.076414]},"properties":{"strasse":"S7","km":7,"richtung":"Gegenrichtung"}},{"type":"Feature","geometry":{"type":"Point","coordinates":[16.071285,47.074881]},"properties":{"strasse":"S7","km":7.5,"richtung":"Gegenrichtung"}},{"type":"Feature","geometry":{"type":"Point","coordinates":[16.077448,47.07329]},"properties":{"strasse":"S7","km":8,"richtung":"Gegenrichtung"}},{"type":"Feature","geometry":{"type":"Point","coordinates":[16.083137,47.071049]},"properties":{"strasse":"S7","km":8.5,"richtung":"Gegenrichtung"}},{"type":"Feature","geometry":{"type":"Point","coordinates":[16.088229,47.068202]},"properties":{"strasse":"S7","km":9,"richtung":"Gegenrichtung"}},{"type":"Feature","geometry":{"type":"Point","coordinates":[16.094037,47.066106]},"properties":{"strasse":"S7","km":9.5,"richtung":"Gegenrichtung"}},{"type":"Feature","geometry":{"type":"Point","coordinates":[16.100429,47.065062]},"properties":{"strasse":"S7","km":10,"richtung":"Gegenrichtung"}},{"type":"Feature","geometry":{"type":"Point","coordinates":[16.107003,47.065115]},"properties":{"strasse":"S7","km":10.5,"richtung":"Gegenrichtung"}},{"type":"Feature","geometry":{"type":"Point","coordinates":[16.113539,47.064825]},"properties":{"strasse":"S7","km":11,"richtung":"Gegenrichtung"}},{"type":"Feature","geometry":{"type":"Point","coordinates":[16.119399,47.062838]},"properties":{"strasse":"S7","km":11.5,"richtung":"Gegenrichtung"}},{"type":"Feature","geometry":{"type":"Point","coordinates":[16.123668,47.059457]},"properties":{"strasse":"S7","km":12,"richtung":"Gegenrichtung"}},{"type":"Feature","geometry":{"type":"Point","coordinates":[16.126328,47.055355]},"properties":{"strasse":"S7","km":12.5,"richtung":"Gegenrichtung"}},{"type":"Feature","geometry":{"type":"Point","coordinates":[16.130549,47.051947]},"properties":{"strasse":"S7","km":13,"richtung":"Gegenrichtung"}},{"type":"Feature","geometry":{"type":"Point","coordinates":[16.135082,47.048721]},"properties":{"strasse":"S7","km":13.5,"richtung":"Gegenrichtung"}},{"type":"Feature","geometry":{"type":"Point","coordinates":[16.137499,47.044576]},"properties":{"strasse":"S7","km":14,"richtung":"Gegenrichtung"}},{"type":"Feature","geometry":{"type":"Point","coordinates":[16.139461,47.040314]},"properties":{"strasse":"S7","km":14.5,"richtung":"Gegenrichtung"}},{"type":"Feature","geometry":{"type":"Point","coordinates":[16.143668,47.036902]},"properties":{"strasse":"S7","km":15,"richtung":"Gegenrichtung"}},{"type":"Feature","geometry":{"type":"Point","coordinates":[16.14917,47.034444]},"properties":{"strasse":"S7","km":15.5,"richtung":"Gegenrichtung"}},{"type":"Feature","geometry":{"type":"Point","coordinates":[16.154149,47.031517]},"properties":{"strasse":"S7","km":16,"richtung":"Gegenrichtung"}},{"type":"Feature","geometry":{"type":"Point","coordinates":[16.158826,47.02836]},"properties":{"strasse":"S7","km":16.5,"richtung":"Gegenrichtung"}},{"type":"Feature","geometry":{"type":"Point","coordinates":[16.164105,47.025683]},"properties":{"strasse":"S7","km":17,"richtung":"Gegenrichtung"}},{"type":"Feature","geometry":{"type":"Point","coordinates":[16.169902,47.023563]},"properties":{"strasse":"S7","km":17.5,"richtung":"Gegenrichtung"}},{"type":"Feature","geometry":{"type":"Point","coordinates":[16.175993,47.021862]},"properties":{"strasse":"S7","km":18,"richtung":"Gegenrichtung"}},{"type":"Feature","geometry":{"type":"Point","coordinates":[16.181182,47.01914]},"properties":{"strasse":"S7","km":18.5,"richtung":"Gegenrichtung"}},{"type":"Feature","geometry":{"type":"Point","coordinates":[16.18459,47.015328]},"properties":{"strasse":"S7","km":19,"richtung":"Gegenrichtung"}},{"type":"Feature","geometry":{"type":"Point","coordinates":[16.185766,47.010936]},"properties":{"strasse":"S7","km":19.5,"richtung":"Gegenrichtung"}},{"type":"Feature","geometry":{"type":"Point","coordinates":[16.184926,47.00649]},"properties":{"strasse":"S7","km":20,"richtung":"Gegenrichtung"}},{"type":"Feature","geometry":{"type":"Point","coordinates":[16.185601,47.002055]},"properties":{"strasse":"S7","km":20.5,"richtung":"Gegenrichtung"}},{"type":"Feature","geometry":{"type":"Point","coordinates":[16.188766,46.998153]},"properties":{"strasse":"S7","km":21,"richtung":"Gegenrichtung"}},{"type":"Feature","geometry":{"type":"Point","coordinates":[16.193915,46.995407]},"properties":{"strasse":"S7","km":21.5,"richtung":"Gegenrichtung"}},{"type":"Feature","geometry":{"type":"Point","coordinates":[16.200232,46.994259]},"properties":{"strasse":"S7","km":22,"richtung":"Gegenrichtung"}},{"type":"Feature","geometry":{"type":"Point","coordinates":[16.206805,46.994408]},"properties":{"strasse":"S7","km":22.5,"richtung":"Gegenrichtung"}},{"type":"Feature","geometry":{"type":"Point","coordinates":[16.21333,46.993887]},"properties":{"strasse":"S7","km":23,"richtung":"Gegenrichtung"}},{"type":"Feature","geometry":{"type":"Point","coordinates":[16.219552,46.99245]},"properties":{"strasse":"S7","km":23.5,"richtung":"Gegenrichtung"}},{"type":"Feature","geometry":{"type":"Point","coordinates":[16.225798,46.991101]},"properties":{"strasse":"S7","km":24,"richtung":"Gegenrichtung"}},{"type":"Feature","geometry":{"type":"Point","coordinates":[16.232367,46.990925]},"properties":{"strasse":"S7","km":24.5,"richtung":"Gegenrichtung"}},{"type":"Feature","geometry":{"type":"Point","coordinates":[16.238538,46.989462]},"properties":{"strasse":"S7","km":25,"richtung":"Gegenrichtung"}},{"type":"Feature","geometry":{"type":"Point","coordinates":[16.243326,46.98643]},"properties":{"strasse":"S7","km":25.5,"richtung":"Gegenrichtung"}},{"type":"Feature","geometry":{"type":"Point","coordinates":[16.247124,46.98277]},"properties":{"strasse":"S7","km":26,"richtung":"Gegenrichtung"}},{"type":"Feature","geometry":{"type":"Point","coordinates":[16.251952,46.979734]},"properties":{"strasse":"S7","km":26.5,"richtung":"Gegenrichtung"}},{"type":"Feature","geometry":{"type":"Point","coordinates":[16.25766,46.977521]},"properties":{"strasse":"S7","km":27,"richtung":"Gegenrichtung"}},{"type":"Feature","geometry":{"type":"Point","coordinates":[16.263955,46.976248]},"properties":{"strasse":"S7","km":27.5,"richtung":"Gegenrichtung"}},{"type":"Feature","geometry":{"type":"Point","coordinates":[16.270508,46.975988]},"properties":{"strasse":"S7","km":28,"richtung":"Gegenrichtung"}},{"type":"Feature","geometry":{"type":"Point","coordinates":[15.990555,47.099299]},"properties":{"strasse":"S7","km":0.5,"richtung":"Hauptrichtung"}},{"type":"Feature","geometry":{"type":"Point","coordinates":[15.996903,47.098124]},"properties":{"strasse":"S7","km":1,"richtung":"Hauptrichtung"}},{"type":"Feature","geometry":{"type":"Point","coordinates":[16.002163,47.095471]},"properties":{"strasse":"S7","km":1.5,"richtung":"Hauptrichtung"}},{"type":"Feature","geometry":{"type":"Point","coordinates":[16.006207,47.091926]},"properties":{"strasse":"S7","km":2,"richtung":"Hauptrichtung"}},{"type":"Feature","geometry":{"type":"Point","coordinates":[16.010216,47.088361]},"properties":{"strasse":"S7","km":2.5,"richtung":"Hauptrichtung"}},{"type":"Feature","geometry":{"type":"Point","coordinates":[16.014639,47.085045]},"properties":{"strasse":"S7","km":3,"richtung":"Hauptrichtung"}},{"type":"Feature","geometry":{"type":"Point","coordinates":[16.020109,47.082559]},"properties":{"strasse":"S7","km":3.5,"richtung":"Hauptrichtung"}},{"type":"Feature","geometry":{"type":"Point","coordinates":[16.02631,47.08107]},"properties":{"strasse":"S7","km":4,"richtung":"Hauptrichtung"}},{"type":"Feature","geometry":{"type":"Point","coordinates":[16.032784,47.080225]},"properties":{"strasse":"S7","km":4.5,"richtung":"Hauptrichtung"}},{"type":"Feature","geometry":{"type":"Point","coordinates":[16.039312,47.079601]},"properties":{"strasse":"S7","km":5,"richtung":"Hauptrichtung"}},{"type":"Feature","geometry":{"type":"Point","coordinates":[16.045878,47.079202]},"properties":{"strasse":"S7","km":5.5,"richtung":"Hauptrichtung"}},{"type":"Feature","geometry":{"type":"Point","coordinates":[16.052445,47.078829]},"properties":{"strasse":"S7","km":6,"richtung":"Hauptrichtung"}},{"type":"Feature","geometry":{"type":"Point","coordinates":[16.058852,47.077796]},"properties":{"strasse":"S7","km":6.5,"richtung":"Hauptrichtung"}},{"type":"Feature","geometry":{"type":"Point","coordinates":[16.065076,47.076317]},"properties":{"strasse":"S7","km":7,"richtung":"Hauptrichtung"}},{"type":"Feature","geometry":{"type":"Point","coordinates":[16.071272,47.074784]},"properties":{"strasse":"S7","km":7.5,"richtung":"Hauptrichtung"}},{"type":"Feature","geometry":{"type":"Point","coordinates":[16.077435,47.073192]},"properties":{"strasse":"S7","km":8,"richtung":"Hauptrichtung"}},{"type":"Feature","geometry":{"type":"Point","coordinates":[16.083109,47.070929]},"properties":{"strasse":"S7","km":8.5,"richtung":"Hauptrichtung"}},{"type":"Feature","geometry":{"type":"Point","coordinates":[16.088202,47.068083]},"properties":{"strasse":"S7","km":9,"richtung":"Hauptrichtung"}},{"type":"Feature","geometry":{"type":"Point","coordinates":[16.094018,47.065996]},"properties":{"strasse":"S7","km":9.5,"richtung":"Hauptrichtung"}},{"type":"Feature","geometry":{"type":"Point","coordinates":[16.100411,47.064954]},"properties":{"strasse":"S7","km":10,"richtung":"Hauptrichtung"}},{"type":"Feature","geometry":{"type":"Point","coordinates":[16.106987,47.065006]},"properties":{"strasse":"S7","km":10.5,"richtung":"Hauptrichtung"}},{"type":"Feature","geometry":{"type":"Point","coordinates":[16.113522,47.064716]},"properties":{"strasse":"S7","km":11,"richtung":"Hauptrichtung"}},{"type":"Feature","geometry":{"type":"Point","coordinates":[16.11938,47.062724]},"properties":{"strasse":"S7","km":11.5,"richtung":"Hauptrichtung"}},{"type":"Feature","geometry":{"type":"Point","coordinates":[16.123541,47.059294]},"properties":{"strasse":"S7","km":12,"richtung":"Hauptrichtung"}},{"type":"Feature","geometry":{"type":"Point","coordinates":[16.125919,47.055117]},"properties":{"strasse":"S7","km":12.5,"richtung":"Hauptrichtung"}},{"type":"Feature","geometry":{"type":"Point","coordinates":[16.130144,47.051708]},"properties":{"strasse":"S7","km":13,"richtung":"Hauptrichtung"}},{"type":"Feature","geometry":{"type":"Point","coordinates":[16.134683,47.048486]},"properties":{"strasse":"S7","km":13.5,"richtung":"Hauptrichtung"}},{"type":"Feature","geometry":{"type":"Point","coordinates":[16.137049,47.044328]},"properties":{"strasse":"S7","km":14,"richtung":"Hauptrichtung"}},{"type":"Feature","geometry":{"type":"Point","coordinates":[16.139199,47.040112]},"properties":{"strasse":"S7","km":14.5,"richtung":"Hauptrichtung"}},{"type":"Feature","geometry":{"type":"Point","coordinates":[16.143566,47.036786]},"properties":{"strasse":"S7","km":15,"richtung":"Hauptrichtung"}},{"type":"Feature","geometry":{"type":"Point","coordinates":[16.149153,47.03441]},"properties":{"strasse":"S7","km":15.5,"richtung":"Hauptrichtung"}},{"type":"Feature","geometry":{"type":"Point","coordinates":[16.15413,47.031481]},"properties":{"strasse":"S7","km":16,"richtung":"Hauptrichtung"}},{"type":"Feature","geometry":{"type":"Point","coordinates":[16.158809,47.028325]},"properties":{"strasse":"S7","km":16.5,"richtung":"Hauptrichtung"}},{"type":"Feature","geometry":{"type":"Point","coordinates":[16.16409,47.025649]},"properties":{"strasse":"S7","km":17,"richtung":"Hauptrichtung"}},{"type":"Feature","geometry":{"type":"Point","coordinates":[16.169888,47.02353]},"properties":{"strasse":"S7","km":17.5,"richtung":"Hauptrichtung"}},{"type":"Feature","geometry":{"type":"Point","coordinates":[16.175979,47.021828]},"properties":{"strasse":"S7","km":18,"richtung":"Hauptrichtung"}},{"type":"Feature","geometry":{"type":"Point","coordinates":[16.181163,47.019101]},"properties":{"strasse":"S7","km":18.5,"richtung":"Hauptrichtung"}},{"type":"Feature","geometry":{"type":"Point","coordinates":[16.184553,47.015283]},"properties":{"strasse":"S7","km":19,"richtung":"Hauptrichtung"}},{"type":"Feature","geometry":{"type":"Point","coordinates":[16.185709,47.010889]},"properties":{"strasse":"S7","km":19.5,"richtung":"Hauptrichtung"}},{"type":"Feature","geometry":{"type":"Point","coordinates":[16.184866,47.006442]},"properties":{"strasse":"S7","km":20,"richtung":"Hauptrichtung"}},{"type":"Feature","geometry":{"type":"Point","coordinates":[16.185573,47.002009]},"properties":{"strasse":"S7","km":20.5,"richtung":"Hauptrichtung"}},{"type":"Feature","geometry":{"type":"Point","coordinates":[16.188752,46.998112]},"properties":{"strasse":"S7","km":21,"richtung":"Hauptrichtung"}},{"type":"Feature","geometry":{"type":"Point","coordinates":[16.19391,46.995372]},"properties":{"strasse":"S7","km":21.5,"richtung":"Hauptrichtung"}},{"type":"Feature","geometry":{"type":"Point","coordinates":[16.200227,46.994226]},"properties":{"strasse":"S7","km":22,"richtung":"Hauptrichtung"}},{"type":"Feature","geometry":{"type":"Point","coordinates":[16.2068,46.994374]},"properties":{"strasse":"S7","km":22.5,"richtung":"Hauptrichtung"}},{"type":"Feature","geometry":{"type":"Point","coordinates":[16.213325,46.99385]},"properties":{"strasse":"S7","km":23,"richtung":"Hauptrichtung"}},{"type":"Feature","geometry":{"type":"Point","coordinates":[16.21955,46.992416]},"properties":{"strasse":"S7","km":23.5,"richtung":"Hauptrichtung"}},{"type":"Feature","geometry":{"type":"Point","coordinates":[16.225797,46.991067]},"properties":{"strasse":"S7","km":24,"richtung":"Hauptrichtung"}},{"type":"Feature","geometry":{"type":"Point","coordinates":[16.232365,46.99089]},"properties":{"strasse":"S7","km":24.5,"richtung":"Hauptrichtung"}},{"type":"Feature","geometry":{"type":"Point","coordinates":[16.238536,46.989425]},"properties":{"strasse":"S7","km":25,"richtung":"Hauptrichtung"}},{"type":"Feature","geometry":{"type":"Point","coordinates":[16.243313,46.986383]},"properties":{"strasse":"S7","km":25.5,"richtung":"Hauptrichtung"}},{"type":"Feature","geometry":{"type":"Point","coordinates":[16.247117,46.982726]},"properties":{"strasse":"S7","km":26,"richtung":"Hauptrichtung"}},{"type":"Feature","geometry":{"type":"Point","coordinates":[16.251952,46.979696]},"properties":{"strasse":"S7","km":26.5,"richtung":"Hauptrichtung"}},{"type":"Feature","geometry":{"type":"Point","coordinates":[16.257665,46.977489]},"properties":{"strasse":"S7","km":27,"richtung":"Hauptrichtung"}},{"type":"Feature","geometry":{"type":"Point","coordinates":[16.263959,46.976215]},"properties":{"strasse":"S7","km":27.5,"richtung":"Hauptrichtung"}},{"type":"Feature","geometry":{"type":"Point","coordinates":[16.270512,46.975945]},"properties":{"strasse":"S7","km":28,"richtung":"Hauptrichtung"}}]}